transaction_id,product_id,category_id,quantity,price_per_unit,timestamp
7128c352-628f-411b-b05c-c3357b9f6d75,PROD_007,CAT_05,2,142.41,2025-04-15T21:16:15.767319
41847543-ff6b-4a22-849b-17cc33dc3340,PROD_065,CAT_03,5,62.05,2025-04-15T13:02:34.396854
da997837-8336-4517-91fa-9b836a99a431,PROD_069,CAT_05,1,89.94,2025-04-15T11:12:04.425230
8604d496-4f14-4040-8c0e-58fb297fbf17,PROD_036,CAT_05,4,124.62,2025-04-15T12:05:58.981267
520e8c99-d162-4b54-9978-2bfd7930aeeb,PROD_077,CAT_04,5,116.23,2025-04-15T14:10:31.119139
30be9aaa-2fcf-43bb-a5b2-33e08aa52bb2,PROD_017,CAT_05,4,138.53,2025-04-15T03:12:17.606525
822aec2a-ce1c-4778-94ca-4b26c13bef77,PROD_005,CAT_03,1,41.96,2025-04-15T23:13:59.922763
bc656271-ac02-4354-b64a-9baeac10d9f4,PROD_016,CAT_03,3,89.11,2025-04-15T17:54:21.654501
ec8d62a8-9303-4a9f-923d-ce0f1f69d8a6,PROD_017,CAT_05,4,52.53,2025-04-15T11:52:25.422417
24d32840-5c2c-492b-9f4a-dfe424463d5f,PROD_083,CAT_02,3,112.61,2025-04-15T10:53:11.810517
11a28a62-30e9-4e95-85c1-c87ae2767842,PROD_026,CAT_01,5,65.95,2025-04-15T13:23:41.395428
138a3517-6cc6-4f0c-ac74-b539dfc65d5d,PROD_025,CAT_05,2,188.7,2025-04-15T19:16:00.875574
fcab6ae5-289d-492f-a254-0f2834edbf35,PROD_020,CAT_01,1,170.43,2025-04-15T12:19:08.410857
f1160216-31be-4303-ac9a-463a79fba2a2,PROD_070,CAT_04,1,141.59,2025-04-15T11:26:30.468342
824abce4-9be3-4f81-aa0d-17147865c41e,PROD_042,CAT_03,2,144.61,2025-04-15T05:57:12.358932
1923702e-28b2-4469-b2c1-d2ff2939c346,PROD_083,CAT_02,4,118.99,2025-04-15T09:07:42.843738
9fa8a5f2-ddd9-4b9e-8866-98a4bf19cc2e,PROD_050,CAT_02,4,118.86,2025-04-15T04:41:51.424974
7a22ab32-9a50-4747-a6a2-374dee4df946,PROD_006,CAT_05,5,128.06,2025-04-15T07:48:42.195143
2a9783ea-5158-44ca-852e-c44f3dc4eeef,PROD_050,CAT_02,2,142.18,2025-04-15T03:02:57.992122
66bdc9ad-d8eb-4f17-b8f1-4f30f6ca0060,PROD_056,CAT_03,5,63.24,2025-04-15T09:33:11.801288
1aa2bad3-eab4-41cb-9244-799d7f49bdda,PROD_001,CAT_04,3,110.23,2025-04-15T17:35:58.737671
b76c9cd9-83db-43fb-8d1d-a8de0322a72e,PROD_037,CAT_03,1,38.84,2025-04-15T12:58:08.333486
1dad4661-b9cc-42dd-93ce-a164249b847b,PROD_060,CAT_05,4,108.54,2025-04-15T10:25:52.297193
15cf2a8b-96ef-4191-be65-ab9d6d3c27dd,PROD_053,CAT_04,2,129.49,2025-04-15T06:54:54.000412
83910000-c028-4e5d-9c68-f057a254b3bf,PROD_005,CAT_03,2,77.27,2025-04-15T19:28:12.974383
166ef1f2-2de6-4926-98c3-b0af40e318c4,PROD_027,CAT_02,3,86.65,2025-04-15T12:55:10.964821
074d56a1-c0ef-4d40-916c-f083d950d78f,PROD_005,CAT_03,4,60.26,2025-04-15T22:21:04.516773
5fe6db63-c07b-44d4-ab3d-3fd116ec02a0,PROD_021,CAT_04,1,158.66,2025-04-15T11:27:38.814706
a00fdeae-ea1a-4687-b5c6-6f20e05df50f,PROD_049,CAT_02,1,83.2,2025-04-15T03:33:39.272778
d8a9919e-aec0-4516-a5bf-7f9d6c67bdd9,PROD_068,CAT_03,1,26.88,2025-04-15T15:26:36.998687
f3b39e43-20f1-4766-a750-be0c08a8856e,PROD_017,CAT_05,3,180.75,2025-04-15T00:53:31.202929
44d81c9f-a7ee-40fd-9bd7-d8144667fc81,PROD_073,CAT_05,2,50.62,2025-04-15T05:49:40.413883
4d0aaee1-0588-47fd-898f-00cbb6932d1e,PROD_027,CAT_02,4,131.52,2025-04-15T01:40:37.662158
9c23d447-f98a-4c2e-9707-60f38939ee3d,PROD_018,CAT_04,5,47.4,2025-04-15T21:03:46.003193
e14a97ea-bbed-4221-a947-2d775fe75ecb,PROD_050,CAT_02,3,104.85,2025-04-15T11:38:05.859911
44f902ad-185d-4bab-8afb-e9af57c50fcd,PROD_071,CAT_03,2,40.71,2025-04-15T11:09:46.672958
c823dd24-c5da-4a42-ab06-fadfbf860fd1,PROD_059,CAT_01,3,112.72,2025-04-15T21:19:32.799330
e1d77690-bb79-471e-9b4c-26cf7592d0ee,PROD_014,CAT_01,1,171.99,2025-04-15T18:26:42.355566
a17ffc68-cb59-42e6-96cd-ae3a8fcc1bcb,PROD_096,CAT_01,2,155.69,2025-04-15T06:16:24.198340
f419fa21-9c63-4394-a9e2-225ee8577faa,PROD_022,CAT_05,4,193.98,2025-04-15T09:30:56.345380
78448172-d5bb-4d7f-93d4-bd24016a251a,PROD_097,CAT_03,3,149.72,2025-04-15T00:31:43.688867
33a67dd4-d7ad-4732-974a-f5651125e067,PROD_070,CAT_04,1,173.62,2025-04-15T21:05:41.659919
adee5ac9-723d-4772-b44c-76c787a07ac6,PROD_011,CAT_02,4,29.42,2025-04-15T14:57:40.023652
96152780-d297-4654-ab6d-a824a5a6cc7e,PROD_005,CAT_03,4,155.48,2025-04-15T01:13:41.157636
ea15eb7c-8c21-4566-a0ca-c0cb0cfbcb60,PROD_098,CAT_05,5,127.52,2025-04-15T10:48:19.569082
8ec78b56-91ee-4126-93b3-98c39f7814b7,PROD_094,CAT_01,2,160.67,2025-04-15T22:59:40.702369
25ad3aa2-7af6-4863-8b49-34141723fb4b,PROD_066,CAT_03,5,182.89,2025-04-15T05:17:40.409344
26f11757-4c48-4643-813a-91eabfa350e3,PROD_090,CAT_05,5,38.19,2025-04-15T16:54:12.246105
8c1daf3b-c754-4130-b10c-c68340d9d415,PROD_062,CAT_04,4,159.59,2025-04-15T10:02:48.606370
62385d74-3d93-4cd1-aa9f-d1384cd20678,PROD_056,CAT_03,5,61.18,2025-04-15T18:35:30.647399
d58f9a0f-f057-4a51-811a-1bdb2876bdd0,PROD_065,CAT_03,4,118.32,2025-04-15T03:03:52.875650
20dc17b6-7a46-4b40-a5fb-cd20d1cc5742,PROD_065,CAT_03,4,24.46,2025-04-15T07:14:34.294156
fafc3ae5-4c54-4255-9ae4-47ad6c067b92,PROD_032,CAT_03,1,129.08,2025-04-15T07:03:45.089766
e54cd5f2-e46d-4877-b2bb-3aacba953014,PROD_083,CAT_02,4,79.22,2025-04-15T05:55:16.305987
833c36b9-06ec-4743-bc00-83c19a88851a,PROD_005,CAT_03,1,144.85,2025-04-15T12:55:28.057238
af0e7fa2-0fd6-4245-8e54-4669680bf8d7,PROD_014,CAT_01,3,171.9,2025-04-15T17:03:18.113354
894d910a-5272-43a8-9e10-b50740e664d8,PROD_024,CAT_04,2,91.08,2025-04-15T18:39:52.102453
b3634c09-72ac-4f5e-9c63-352d5731df16,PROD_066,CAT_03,3,156.79,2025-04-15T02:34:27.238212
145cfbb6-70c4-429f-9982-26f64fba5027,PROD_014,CAT_01,5,150.97,2025-04-15T10:35:08.018111
88faa750-390e-42b0-94cf-e407f19c8e2c,PROD_076,CAT_03,4,181.81,2025-04-15T07:38:47.056384
aa0b530a-f7e1-4df8-9871-eab24d968270,PROD_040,CAT_01,4,75.89,2025-04-15T14:18:57.288004
43de0819-e652-4f2f-aac6-294cbf0b303c,PROD_068,CAT_03,4,116.37,2025-04-15T18:47:32.620564
1e4bfde9-c280-4d96-91e1-002a9d305180,PROD_044,CAT_05,3,165.12,2025-04-15T02:47:19.278541
ea3418ef-8b72-4821-8b98-52b9e034f09a,PROD_053,CAT_04,3,36.37,2025-04-15T04:43:08.166369
7710f4ed-e9d0-473f-9ed0-338c990d04d0,PROD_005,CAT_03,1,45.31,2025-04-15T05:08:45.793008
bf431853-391f-4c86-b9a4-798e00682ff0,PROD_044,CAT_05,4,37.48,2025-04-15T02:38:44.127105
516fc4bd-0f69-4196-835a-5cf94e2bb7b4,PROD_030,CAT_05,4,175.09,2025-04-15T16:21:38.478953
b3a58734-0a64-4540-b17f-700361075253,PROD_083,CAT_02,1,27.6,2025-04-15T21:47:44.401436
d388cfad-e088-4206-998c-e76f602c1aab,PROD_067,CAT_05,5,54.15,2025-04-15T22:06:40.706002
13d187ed-9274-4326-9e54-792d92427b83,PROD_079,CAT_02,4,151.35,2025-04-15T08:22:40.500654
23896210-4b3e-4a3d-8d43-904f186851e1,PROD_015,CAT_04,2,191.22,2025-04-15T23:09:55.018939
a114e47f-3e3c-4626-a665-bd90f68c35bf,PROD_036,CAT_05,2,122.42,2025-04-15T01:24:18.017813
a3f9254d-ab39-4cb7-b7eb-fd34f33f9f55,PROD_049,CAT_02,2,74.36,2025-04-15T22:14:50.064337
3726631a-7500-41bc-9ea8-6adfcf09919d,PROD_021,CAT_04,5,75.23,2025-04-15T17:23:28.310589
a9d94136-95e9-445f-93b4-0556911b8037,PROD_019,CAT_05,4,158.95,2025-04-15T08:07:41.882882
2a0e9a7f-ac9b-4c5a-93f1-6796a8f94809,PROD_028,CAT_03,5,112.87,2025-04-15T20:35:51.517370
4d4d0471-362f-4799-b145-f63f351fa87f,PROD_013,CAT_04,1,67.99,2025-04-15T13:31:25.399559
ee7b4bf8-9611-447b-8e56-c6290405f397,PROD_036,CAT_05,5,96.41,2025-04-15T22:27:33.561752
a8d7762e-c3c7-46f0-aabb-6b9a5ce0bdd1,PROD_011,CAT_02,2,74.39,2025-04-15T02:00:41.860438
3fa914ac-ce57-493f-9eed-b40716325a27,PROD_027,CAT_02,2,50.14,2025-04-15T03:28:47.250179
60cd4fc3-5363-496c-8579-5e5a3ca68c2d,PROD_047,CAT_01,2,98.07,2025-04-15T14:59:51.470136
5cb1476f-d1e9-4590-82d2-d64fd22a205b,PROD_040,CAT_01,1,148.81,2025-04-15T16:44:47.917233
85db3e18-0ebc-4156-accb-261c77ea0678,PROD_081,CAT_04,4,93.49,2025-04-15T12:05:15.040339
d246bba1-d5f5-4f1a-80a1-b4ec835eb57c,PROD_060,CAT_05,3,102.37,2025-04-15T02:51:09.345831
3edc9dad-8f7f-41d3-b88e-8c9dbf2e233f,PROD_054,CAT_01,2,29.43,2025-04-15T00:30:31.067965
28e4c8fd-57b6-4433-83c8-5cec217b1cd2,PROD_059,CAT_01,4,190.35,2025-04-15T15:03:49.620072
1d6fada1-cbe3-4231-89c6-0b5990ae9488,PROD_028,CAT_03,2,93.33,2025-04-15T23:55:06.878422
5d4bbdf8-9d72-4ace-a3c0-9da4c5b6fc86,PROD_089,CAT_02,2,75.5,2025-04-15T15:18:11.792261
8da61a81-36bf-4f67-91f9-502c0e114fce,PROD_082,CAT_05,1,194.27,2025-04-15T16:53:02.344441
5f1a026b-2dbc-4956-8168-deddb163ca85,PROD_046,CAT_01,4,173.02,2025-04-15T02:18:59.405547
f85172fb-5349-4fff-968c-8af375d62ab8,PROD_071,CAT_03,4,143.72,2025-04-15T10:55:10.827716
d940e70c-84ad-40b9-81ae-eac1fa0cf29c,PROD_074,CAT_04,5,109.45,2025-04-15T22:39:39.823848
c8de6ac8-eb3f-4e7b-95a2-f2b162230e34,PROD_065,CAT_03,3,151.46,2025-04-15T23:54:03.732548
533c47e5-4260-4d0c-af45-19a32e5821ab,PROD_023,CAT_03,4,138.31,2025-04-15T14:01:09.100894
20c678ce-e7ed-4674-9a80-90ed44a3f024,PROD_075,CAT_04,4,27.02,2025-04-15T21:00:21.142860
0386e712-0900-4d00-86a8-b02217b11277,PROD_062,CAT_04,4,105.74,2025-04-15T22:23:51.284780
1124de54-f82e-425f-b48d-676d1635b948,PROD_032,CAT_03,3,34.96,2025-04-15T10:56:03.382342
a205b064-ffdd-46a2-8f9c-c65b521c626f,PROD_002,CAT_04,2,13.77,2025-04-15T04:00:10.878553
5ed993a6-6743-47a4-b98f-822a63b78fb5,PROD_042,CAT_03,2,15.78,2025-04-15T17:37:43.179629
dbf33087-d008-45a5-bdd5-fdeefb1b3119,PROD_070,CAT_04,1,75.4,2025-04-15T17:52:30.833814
e5b52a49-1c69-4646-8359-9c800ebae3e4,PROD_077,CAT_04,2,159.33,2025-04-15T07:53:37.247325
6df0fba7-8c4f-41bf-9c61-0c3e09631e51,PROD_088,CAT_05,2,48.45,2025-04-15T00:23:13.083793
ee2dfe74-1ed5-4373-9d99-df2e884bef69,PROD_083,CAT_02,3,29.72,2025-04-15T06:17:44.584727
3d03acbf-0f43-47f1-a168-5b4ef08356ad,PROD_044,CAT_05,1,90.64,2025-04-15T11:36:19.603851
6ac69df3-ad1c-43f4-af45-b75050c41c4f,PROD_034,CAT_03,3,182.97,2025-04-15T09:21:28.992081
5dddc666-e74a-4f47-b0f7-0c1679de86da,PROD_071,CAT_03,4,62.33,2025-04-15T23:54:54.928085
3402146f-272f-4fc9-8fe4-21eec134a283,PROD_039,CAT_04,1,37.29,2025-04-15T03:44:47.337737
63726874-4c2a-49e3-8e71-1bc4c139d355,PROD_047,CAT_01,3,95.04,2025-04-15T11:52:14.269017
f2ee9df0-7ab0-424e-89f3-20f1906af264,PROD_076,CAT_03,3,62.16,2025-04-15T03:54:28.974688
d819feac-a16a-416d-8c82-8d1b05725e0e,PROD_050,CAT_02,5,58.68,2025-04-15T17:19:06.755270
1e0d0ce3-5938-4622-8671-60a0da0c9e44,PROD_034,CAT_03,5,107.65,2025-04-15T17:35:00.389480
b72c11c4-aab4-4900-aecb-53a19dd065cc,PROD_081,CAT_04,3,77.1,2025-04-15T23:59:37.996708
3aa14b4e-8243-4c8d-8868-40be63fb9563,PROD_028,CAT_03,2,45.22,2025-04-15T11:42:43.049623
3d8b58ec-9848-481f-abdd-1157c4ea30c9,PROD_019,CAT_05,2,187.67,2025-04-15T14:08:03.570819
04ad601b-3ee6-4e26-a091-8982c098722e,PROD_036,CAT_05,3,157.43,2025-04-15T17:33:30.780557
d6ecbe6a-e82c-4c0e-b7df-d39f81953e0b,PROD_029,CAT_04,5,101.25,2025-04-15T13:36:36.131516
768cca6e-c3ae-4229-9a02-d93170a0ab01,PROD_077,CAT_04,2,184.14,2025-04-15T18:48:19.003202
b50c2ec9-0a3f-4a13-a994-41393c5ced0c,PROD_047,CAT_01,2,184.01,2025-04-15T04:16:12.272902
efacd896-ae25-4f69-80a1-ebc0395fe994,PROD_094,CAT_01,1,151.07,2025-04-15T05:46:37.951352
7dc50065-8f51-41d4-b932-8815e1971245,PROD_094,CAT_01,2,48.13,2025-04-15T11:48:06.600927
94094166-764c-4960-b4f0-2aca82668949,PROD_043,CAT_04,4,37.27,2025-04-15T04:00:50.919278
6eda3e6d-7db7-4cfd-9380-be82f04473c9,PROD_007,CAT_05,1,183.3,2025-04-15T17:32:35.595733
7735374d-32c8-42a3-8e29-5dcf17d6bebd,PROD_019,CAT_05,4,154.93,2025-04-15T00:25:20.280219
7278ee1e-6ad3-4604-9d30-efc91d9f0660,PROD_087,CAT_03,3,196.6,2025-04-15T01:39:01.527031
c7f824b9-b626-445a-83bc-562514cbdb92,PROD_037,CAT_03,3,108.47,2025-04-15T23:52:32.477465
a71a6f90-aee3-4a5e-a875-d382135193ab,PROD_064,CAT_04,2,23.15,2025-04-15T01:01:06.075073
a99456cd-e157-4a06-aa14-8aada1e7e699,PROD_031,CAT_03,5,10.69,2025-04-15T08:23:39.277716
a8a8b45e-6dcf-4f72-b9c8-0c7a6a48b766,PROD_010,CAT_02,2,45.84,2025-04-15T15:31:53.996633
33d93039-f9a1-4f68-823b-a7fb57ac7bf0,PROD_058,CAT_01,2,106.29,2025-04-15T19:36:45.862440
8b98ab5d-936d-4678-8583-a9b31734f5a5,PROD_032,CAT_03,2,92.11,2025-04-15T17:15:28.816132
8b3a17cf-7787-42da-aeb4-344f91db9dc6,PROD_048,CAT_03,5,179.23,2025-04-15T05:04:42.620289
b4cadeac-f11d-4e48-b22b-2c16d8ff9d6e,PROD_097,CAT_03,1,76.45,2025-04-15T20:51:17.750228
aa787036-701d-49d2-8a77-db3bd8368c06,PROD_012,CAT_02,5,39.49,2025-04-15T06:00:19.252079
94856935-09d7-418b-ab76-c5b7ef375e5e,PROD_038,CAT_03,2,83.01,2025-04-15T01:24:42.030325
44fea761-0d5e-465e-b4d8-9c8cac0aae5f,PROD_080,CAT_04,4,189.62,2025-04-15T10:39:44.943930
735d50e3-caf5-4993-9166-af566084e975,PROD_081,CAT_04,4,19.79,2025-04-15T04:56:20.469788
d50ac412-03b9-4455-826f-2d0b7c9ad08e,PROD_064,CAT_04,1,49.58,2025-04-15T10:27:00.030769
10cd47c7-fd62-46c4-b0ef-71d68007f397,PROD_057,CAT_04,3,20.22,2025-04-15T05:29:38.042750
d97ec87f-5bf7-435c-bda4-21d84962b960,PROD_088,CAT_05,3,171.62,2025-04-15T17:29:13.073522
4ce6b7de-ca78-4375-b787-fb1a2cbfc72b,PROD_013,CAT_04,3,174.27,2025-04-15T21:15:54.808482
9b57f986-0ea9-4339-9198-688f735f8129,PROD_087,CAT_03,2,25.64,2025-04-15T07:52:30.942630
47a9239c-7b31-4109-8494-eaca927a0a28,PROD_017,CAT_05,1,131.67,2025-04-15T02:41:51.719354
725b750e-a792-4f0a-b6ea-58fb7109e0ae,PROD_071,CAT_03,5,106.83,2025-04-15T16:28:57.718716
4a785262-5156-48ee-a677-a7361571f57b,PROD_060,CAT_05,1,109.87,2025-04-15T00:42:35.974928
a406722d-1a17-4b3d-a825-81ac8dc92752,PROD_026,CAT_01,5,191.32,2025-04-15T18:35:19.982373
159a1734-4604-4ef7-b567-2465d9005472,PROD_072,CAT_05,1,149.34,2025-04-15T22:05:52.026237
86ca3bbd-1cd0-4108-b049-09e48f25cdd3,PROD_007,CAT_05,3,158.26,2025-04-15T23:43:45.504115
433bce85-6fc4-467a-99a3-0d7d44b098de,PROD_016,CAT_03,3,157.59,2025-04-15T12:31:59.402067
25c738dd-d1f0-4573-94ec-e5279e0356b8,PROD_097,CAT_03,1,32.16,2025-04-15T07:22:27.330113
cc4236a6-25a5-4d95-8134-2a1b228ea245,PROD_051,CAT_04,4,72.6,2025-04-15T13:08:59.384326
b0aced17-cc58-4422-ae25-0a49b41f38a8,PROD_060,CAT_05,1,60.08,2025-04-15T12:34:55.071968
69ee2200-c70d-4cb9-96ab-94d1fc694b23,PROD_070,CAT_04,4,44.0,2025-04-15T07:45:34.605387
cb7b814e-812c-4154-bbae-cd078e3f9c54,PROD_041,CAT_01,3,134.89,2025-04-15T22:12:58.379892
8a3647e3-8263-461e-860c-036978373dd5,PROD_033,CAT_03,5,55.36,2025-04-15T02:46:23.580442
8b862c4c-8c04-4d26-94e0-a73229308842,PROD_012,CAT_02,3,63.76,2025-04-15T04:13:17.811539
53af1334-5ac8-4c0b-afbf-d3d1464adaba,PROD_100,CAT_02,4,190.06,2025-04-15T19:44:57.709855
bf339d9d-afc6-434f-92f1-bdc78581fcea,PROD_093,CAT_01,3,36.93,2025-04-15T15:27:55.157000
59f705b6-7e27-46bc-8840-fdb0e073c2f6,PROD_046,CAT_01,5,49.46,2025-04-15T19:48:34.829936
52cb8624-bf1d-495d-9daf-f6e3bc13269c,PROD_084,CAT_03,4,184.46,2025-04-15T17:41:33.808840
50522f0a-eedd-444a-8256-1cd1dc30a6b8,PROD_014,CAT_01,4,54.92,2025-04-15T16:12:27.437267
f2c8d481-a975-4466-9379-0679aab63fa8,PROD_040,CAT_01,1,18.7,2025-04-15T17:08:01.305473
6de50008-a318-4586-a571-15cba727890e,PROD_034,CAT_03,2,71.84,2025-04-15T06:44:58.952414
2fa70916-d94a-4913-8839-4324d9051c60,PROD_003,CAT_02,4,13.69,2025-04-15T20:18:08.977002
22ba590b-812a-4791-9226-dee855fb9c3e,PROD_001,CAT_04,5,137.07,2025-04-15T23:41:57.684725
ee173315-cad1-4b50-9f6c-9fdd056dec43,PROD_093,CAT_01,3,27.23,2025-04-15T12:58:04.287058
102bbbbe-2a9d-431f-b223-7a33e9a9717c,PROD_078,CAT_02,1,131.79,2025-04-15T19:49:10.388928
d4d354ec-6ebd-41c9-9cd8-3bdf48182038,PROD_021,CAT_04,5,82.32,2025-04-15T06:33:08.669917
e1587720-a76d-4701-bde6-284b266836b4,PROD_093,CAT_01,5,164.67,2025-04-15T02:26:33.874545
630eab79-6088-4f0a-94d2-071de15bcb92,PROD_069,CAT_05,4,26.26,2025-04-15T19:31:07.676250
c0242870-02f4-4eb2-8fa0-bc0abe25f3ea,PROD_095,CAT_03,1,36.87,2025-04-15T18:18:58.828845
1ca934ef-2541-4d65-8f80-0058142318ea,PROD_080,CAT_04,4,17.7,2025-04-15T01:36:47.223588
c18e72b0-9ce5-44ba-b31c-2b3a2b0d88cb,PROD_079,CAT_02,5,144.65,2025-04-15T05:36:37.752260
a40cbf49-181c-48da-ac7d-d627126392ee,PROD_073,CAT_05,1,174.62,2025-04-15T03:54:01.470914
dcfbc06a-4ad6-466c-905d-ffb5846735d3,PROD_063,CAT_03,2,77.34,2025-04-15T00:22:01.510527
1b5b5e35-4dbc-4582-b99e-3bb5b2ba5c70,PROD_014,CAT_01,3,50.8,2025-04-15T20:40:37.840463
bb8c008e-098a-499e-9864-3a66835fdff0,PROD_014,CAT_01,2,182.88,2025-04-15T15:14:45.254248
0fb15506-b66a-4073-a6ff-62c5750bdc9d,PROD_082,CAT_05,3,159.75,2025-04-15T12:38:07.965418
0eb6ff9b-c840-4b3c-8a30-7eb9b1ef4f48,PROD_061,CAT_02,2,178.33,2025-04-15T05:31:17.647569
bf3eae4e-5654-404b-98b5-27230d3d5b6f,PROD_033,CAT_03,3,140.59,2025-04-15T12:40:07.014848
b9d72a67-a0f3-4c09-9fc8-d63fb2ad44a5,PROD_048,CAT_03,2,185.09,2025-04-15T06:26:04.338870
82929233-9f16-497e-89b8-f435be2dfde8,PROD_080,CAT_04,3,51.3,2025-04-15T12:27:18.324796
b63a4b95-4e6f-44a8-b820-7b341e8f42af,PROD_067,CAT_05,3,13.62,2025-04-15T10:29:15.021694
dac59f1c-777f-49f9-8bfd-5c2d7ac7a942,PROD_067,CAT_05,5,38.98,2025-04-15T08:19:06.140810
bb5021ac-af3e-40e3-94aa-fd9c3bc769d6,PROD_043,CAT_04,4,136.82,2025-04-15T06:01:18.835659
6007957a-723e-40ed-9770-379da4af2e4b,PROD_026,CAT_01,3,177.69,2025-04-15T00:36:07.660226
3941ec9a-db0f-419f-8b35-3857cd97cea0,PROD_073,CAT_05,5,138.24,2025-04-15T10:27:32.264226
59561d69-6d88-4a4e-a743-405efb3799f2,PROD_098,CAT_05,4,26.5,2025-04-15T17:03:54.979908
6cddc9f2-0d74-48c8-9893-541c73cde421,PROD_037,CAT_03,3,32.05,2025-04-15T06:58:02.928026
07c46103-171a-4500-a8b4-86ad14c359b1,PROD_025,CAT_05,3,38.27,2025-04-15T16:41:39.005412
e412b48e-6917-4dc3-8d71-4eaf5e280835,PROD_002,CAT_04,4,87.03,2025-04-15T06:44:17.760307
d0ef3178-3021-4e89-b7f8-f9a4508bcc12,PROD_025,CAT_05,4,178.52,2025-04-15T16:46:08.991360
76c3f0fc-fa71-4082-98f0-0da28c94ee1e,PROD_090,CAT_05,5,173.89,2025-04-15T12:34:16.599422
2299c14b-1760-4233-818f-3bd7f218f206,PROD_052,CAT_03,3,24.09,2025-04-15T08:08:00.835267
1aefc531-7f5a-40b4-91b8-997ca553c483,PROD_084,CAT_03,1,58.53,2025-04-15T09:21:06.264399
33239da6-8597-454a-b875-8ed07e83cfc9,PROD_010,CAT_02,4,68.18,2025-04-15T17:46:09.511584
e01563e8-6984-4b5b-9877-00fa72963f87,PROD_077,CAT_04,1,20.24,2025-04-15T08:14:47.965255
65b47f04-3629-4b55-b72b-f4691a6bd8c9,PROD_034,CAT_03,1,166.98,2025-04-15T02:09:06.775234
1f669831-c696-4e61-ab63-a7671a77c2a6,PROD_060,CAT_05,4,33.15,2025-04-15T18:17:10.033914
62a82644-acb2-4d03-93af-e6d9bc0a714e,PROD_028,CAT_03,1,92.64,2025-04-15T03:42:11.454702
5ff31674-c6d7-4d26-8f6d-b80d358679d6,PROD_053,CAT_04,5,154.53,2025-04-15T17:24:03.979630
3165698d-9166-4019-922f-ea87c684ff36,PROD_041,CAT_01,4,170.23,2025-04-15T13:14:07.710157
e7dc710d-65ae-4ff4-ae7d-81c9cf0777b3,PROD_080,CAT_04,4,194.15,2025-04-15T15:20:47.692545
2a3e3bd0-3764-462f-af9a-9a7f12babf71,PROD_026,CAT_01,3,45.06,2025-04-15T10:39:42.246653
a4b46a0e-d9d0-4bce-9ed0-b760f8d2df59,PROD_038,CAT_03,2,154.13,2025-04-15T16:37:51.811861
b974d18a-bc85-4f3d-bdf8-3e8ea12f5e3e,PROD_046,CAT_01,5,44.81,2025-04-15T01:35:20.720478
6ea36ea1-8120-4ad0-b9bc-3bfa72e389e2,PROD_027,CAT_02,5,110.01,2025-04-15T07:08:02.236981
b7fd6588-b9b1-4025-ac80-00b7498195f1,PROD_025,CAT_05,1,54.58,2025-04-15T14:16:35.711926
019640d5-40e0-4e84-ba78-124bcfb230ca,PROD_034,CAT_03,2,95.53,2025-04-15T20:23:37.935407
7bc4f77b-b64b-460d-aa90-f237245b00ae,PROD_002,CAT_04,1,34.33,2025-04-15T16:37:40.479925
34f8c673-21cf-45f3-bba4-1b09ea3b72e3,PROD_002,CAT_04,1,82.65,2025-04-15T17:25:41.423527
5da8714e-42e5-436c-9739-9c34d1998de5,PROD_041,CAT_01,4,183.37,2025-04-15T21:40:40.564380
cd160f14-f91e-47d3-be4b-6d6d45e7c48d,PROD_046,CAT_01,1,44.63,2025-04-15T15:05:14.806269
60571472-613d-427c-b3cb-659858ffbf80,PROD_017,CAT_05,4,26.17,2025-04-15T21:14:40.486779
e816b14b-0aa9-419a-bb85-e2e5e4550c34,PROD_052,CAT_03,3,88.41,2025-04-15T02:10:10.625679
3a32bbb8-c9cb-46a9-b789-ef492ceb2418,PROD_078,CAT_02,1,94.94,2025-04-15T21:22:08.376060
65d97041-11c8-489a-81eb-41100ae2bbe3,PROD_094,CAT_01,3,138.39,2025-04-15T03:12:30.400931
8dccc409-6dfd-4ca5-b7ba-775aaaba2c74,PROD_069,CAT_05,2,85.8,2025-04-15T00:29:31.932507
10097bea-e243-401d-a12f-cca4fa288dda,PROD_022,CAT_05,2,198.51,2025-04-15T06:03:10.582270
d1d7aa96-dcb1-48e9-9588-6670c5524e23,PROD_072,CAT_05,4,76.34,2025-04-15T01:34:00.589496
00111ccd-d9fd-4d31-9274-cbe2c627a005,PROD_083,CAT_02,5,37.2,2025-04-15T05:07:44.475606
1fb450c9-a310-45b5-bb2f-2a3c1ed52681,PROD_010,CAT_02,3,20.37,2025-04-15T21:40:14.099367
c151a4dd-e1c1-4ea8-9dee-ffbf48c7f004,PROD_032,CAT_03,5,173.05,2025-04-15T11:19:35.362643
54da53c8-675d-4790-88bf-def887da95d3,PROD_025,CAT_05,3,177.65,2025-04-15T07:56:27.224392
bdd9ec41-0099-4419-b914-bec665f8a6b9,PROD_027,CAT_02,2,152.58,2025-04-15T12:03:54.005650
b323410c-bcff-4c2e-a29d-f7266d1125f0,PROD_040,CAT_01,3,138.45,2025-04-15T04:54:29.335737
b1f2526b-9dda-4100-bb49-63ae7641f9ac,PROD_066,CAT_03,1,17.21,2025-04-15T00:58:21.498681
94fdec9a-1286-4521-ada5-2d9f9af41d10,PROD_019,CAT_05,3,151.16,2025-04-15T13:31:29.481494
90d1c638-67c2-45e1-adda-e69e6082e9dc,PROD_076,CAT_03,5,31.14,2025-04-15T04:00:39.935090
ca0d9553-b31c-440d-a6ca-c8047128d250,PROD_057,CAT_04,2,103.71,2025-04-15T21:21:21.471886
70c933c9-c7fe-4155-ae9b-9e057a26b04b,PROD_007,CAT_05,3,123.15,2025-04-15T03:19:28.400833
688bf627-ab0d-4837-b833-f30769eb9dc5,PROD_044,CAT_05,3,26.13,2025-04-15T15:09:13.344412
f3745d66-2856-42c1-b454-1546ada102c6,PROD_041,CAT_01,4,145.34,2025-04-15T01:16:50.967336
00d3c869-d4fd-4d0a-a2ec-2f87a3b5f825,PROD_100,CAT_02,5,117.87,2025-04-15T18:18:18.440975
9d9d0960-44ca-4322-941f-b5d133597072,PROD_010,CAT_02,4,35.41,2025-04-15T11:34:02.629128
1849ec6e-e58c-4ad1-a603-7bec4ff0ba53,PROD_044,CAT_05,2,12.61,2025-04-15T16:30:42.477218
89574ad9-373e-4524-9e02-b2c29dd68aa5,PROD_088,CAT_05,1,33.79,2025-04-15T09:26:40.603829
0d9ccf2c-7495-4ecf-966a-3f3c166f22d4,PROD_056,CAT_03,3,96.48,2025-04-15T10:50:58.567777
ba1fd383-481d-4d38-90ba-0ae047925d4b,PROD_070,CAT_04,4,171.51,2025-04-15T00:11:29.763240
27376962-0e1c-43ab-8f0d-59cc308e8e08,PROD_054,CAT_01,5,151.68,2025-04-15T04:15:37.178483
7eef43e6-0740-43e5-a559-34cacd2b4bb3,PROD_024,CAT_04,3,84.45,2025-04-15T13:47:20.335522
31aba04c-ccc5-448d-98a7-f84a64a77809,PROD_018,CAT_04,1,145.83,2025-04-15T16:36:51.827286
5a08bbd6-a97c-4746-879f-e5a318c32ffe,PROD_053,CAT_04,4,123.44,2025-04-15T23:54:49.243160
0ca14f6b-0ebf-4dd1-9bd9-2cc73854581b,PROD_040,CAT_01,4,52.53,2025-04-15T22:55:51.506082
d608aebc-01b6-43cd-b678-8bb21a199deb,PROD_080,CAT_04,3,185.11,2025-04-15T20:15:51.423319
657076ba-9fb4-41dc-a434-5eb5e0a421f1,PROD_057,CAT_04,1,143.64,2025-04-15T13:38:16.047465
7cf59f6d-1be0-459c-a757-d9069f5bedd5,PROD_096,CAT_01,3,116.78,2025-04-15T00:28:06.245053
b8e2b5c7-8241-42ad-9427-2310d48ebe31,PROD_026,CAT_01,3,172.63,2025-04-15T14:03:00.384558
50afaa07-afe5-465d-bfb4-f46c10ed95b4,PROD_064,CAT_04,1,136.07,2025-04-15T07:46:52.692792
41b433fa-0f5b-4f25-a4ec-953695b5295f,PROD_013,CAT_04,5,141.13,2025-04-15T06:01:55.535405
fab362fd-f95f-46af-adf8-8216fff664b9,PROD_060,CAT_05,4,56.07,2025-04-15T08:35:41.200789
00371f69-a6ee-4ac7-a3cf-b1964f5639e8,PROD_037,CAT_03,2,35.83,2025-04-15T20:42:00.340421
11183d0f-9334-4a9a-88b2-5ceab4a67069,PROD_035,CAT_03,4,10.63,2025-04-15T02:17:20.895955
8bda2a98-39a0-4dcb-a183-7739ebf57df4,PROD_066,CAT_03,5,120.09,2025-04-15T11:45:54.395312
87007a57-d22a-4298-9d57-6d294e7f28ab,PROD_002,CAT_04,1,147.1,2025-04-15T03:16:15.900835
43ff49d5-deb9-4b07-b088-89dcf81e45dc,PROD_096,CAT_01,5,86.51,2025-04-15T21:20:13.329648
61230c5a-968d-44b0-acc7-040d2f86e117,PROD_080,CAT_04,2,161.35,2025-04-15T07:34:05.062035
2e30be16-8c20-4212-9361-08ac15a64514,PROD_055,CAT_02,3,180.28,2025-04-15T21:31:24.629774
1b530d92-aa56-4ea5-83e0-5cee895c0848,PROD_089,CAT_02,2,44.75,2025-04-15T14:31:56.158605
dcd7eda5-3a97-4960-a1b5-0511021c93bc,PROD_085,CAT_02,2,51.8,2025-04-15T09:55:57.500405
0df7fbaf-0172-4d3c-be4d-6e3563ac20b1,PROD_012,CAT_02,1,164.29,2025-04-15T18:54:13.474763
9e4b14f1-d6a0-40e3-a98f-1209cb707c08,PROD_100,CAT_02,5,63.82,2025-04-15T14:29:55.302902
36bf355b-b0b6-4f32-af02-309f775bb4f3,PROD_051,CAT_04,1,156.45,2025-04-15T04:34:36.442902
eee6fc2c-5871-4662-9177-2d44ed1b1a18,PROD_044,CAT_05,2,175.78,2025-04-15T14:50:00.824836
b4e58de9-9bec-4ed8-bd91-a950d9b6bdd6,PROD_058,CAT_01,2,145.65,2025-04-15T01:10:20.784019
0b3c705e-0a19-4253-a4e2-f1752fb77a77,PROD_026,CAT_01,2,51.72,2025-04-15T08:47:20.642535
2be1d27f-138a-41bd-a5b6-46e00e2f88c5,PROD_067,CAT_05,1,111.39,2025-04-15T00:44:04.837241
ce5d8748-296b-49ee-984a-c2a449161772,PROD_081,CAT_04,5,121.83,2025-04-15T00:47:35.323737
5095425f-8f65-4a3a-a9b6-612e1705e9bb,PROD_016,CAT_03,2,186.15,2025-04-15T02:24:31.526252
2af92a71-c0b0-4247-8227-971a005e52ba,PROD_029,CAT_04,5,199.62,2025-04-15T04:03:30.154262
930130e5-21e4-4b10-938d-45dfd88857d1,PROD_015,CAT_04,2,125.52,2025-04-15T06:31:48.928919
dff55b21-9154-4383-99b8-6518a30b98dc,PROD_041,CAT_01,2,18.61,2025-04-15T15:14:35.263410
65154683-fd4a-4bce-8c7b-c0ce27dc3c68,PROD_056,CAT_03,4,122.73,2025-04-15T12:03:28.450879
b8f07d2b-f68e-4e32-9778-859e73e3b343,PROD_047,CAT_01,1,40.69,2025-04-15T21:54:29.429836
2fc0cec8-1bad-459d-a945-5cc5e6f0d6ef,PROD_100,CAT_02,3,76.3,2025-04-15T18:30:27.756408
c18c074d-ef65-4d86-88e6-558dcb754bc6,PROD_010,CAT_02,5,163.53,2025-04-15T06:13:18.778339
1b1d62ea-9f32-43a5-bda6-34e53032fd3b,PROD_074,CAT_04,3,28.59,2025-04-15T11:47:09.442531
274eae42-5a04-417a-9900-9efe2c71aa18,PROD_055,CAT_02,5,17.26,2025-04-15T23:35:08.563978
3086e3b0-73aa-48aa-8cd8-3ec68512b54b,PROD_025,CAT_05,4,92.75,2025-04-15T17:34:20.125123
505b9439-62f1-4975-811c-989eadf955d8,PROD_054,CAT_01,1,161.8,2025-04-15T07:11:07.893545
86888c7c-f1e6-43c7-af3d-5299fdab73f6,PROD_008,CAT_01,5,125.46,2025-04-15T21:15:33.655887
dfc4bf3a-227c-40cb-97f3-94a328355c22,PROD_063,CAT_03,4,185.63,2025-04-15T01:21:54.217823
86a7cfac-bc73-4473-8b7f-a0bd29f074f2,PROD_018,CAT_04,4,40.47,2025-04-15T21:19:52.522488
f250f98a-6c1a-4345-b4a5-a6b6606b0d72,PROD_041,CAT_01,1,176.39,2025-04-15T08:06:00.298819
1612e7b5-3319-4210-abe1-1938d8ded48c,PROD_070,CAT_04,5,16.53,2025-04-15T20:14:06.143989
ae8a858c-0956-4ffe-ad2a-2fdbb4edbb60,PROD_013,CAT_04,5,104.44,2025-04-15T06:14:58.021038
61c2d323-8710-4b40-8975-a64f2752d582,PROD_008,CAT_01,5,160.74,2025-04-15T08:11:56.136947
0fb5f0f3-2753-49a6-81f3-bb8b05b3e3be,PROD_077,CAT_04,4,121.88,2025-04-15T08:44:18.190628
0e4857f9-0d2b-4300-a56d-0621e0049d0d,PROD_047,CAT_01,2,37.88,2025-04-15T00:02:56.466533
7fd23935-8efd-4219-a97d-3521953b4507,PROD_025,CAT_05,5,24.55,2025-04-15T03:35:28.868347
327e929c-e611-479a-aed3-97fe1cad3f22,PROD_076,CAT_03,2,83.14,2025-04-15T04:23:51.077729
8e8fa7a6-d790-4005-a2e5-706daf2f8f40,PROD_007,CAT_05,4,54.52,2025-04-15T08:54:07.480577
c31192c0-e3f8-4998-adad-7cceadd4b817,PROD_006,CAT_05,1,78.27,2025-04-15T13:34:30.990045
c93e4c02-1566-417d-a3a6-569fab1c9004,PROD_083,CAT_02,2,148.91,2025-04-15T02:14:20.884860
9f8d72d0-fed7-4f04-9e2c-10e6f5a6e079,PROD_063,CAT_03,2,160.05,2025-04-15T19:27:07.885366
0efdb3df-dc12-4d10-b8f9-bed88ad9ca29,PROD_086,CAT_01,5,16.94,2025-04-15T11:56:25.162809
67c4073e-3c12-4151-a0cf-05631a1a8b34,PROD_087,CAT_03,3,26.49,2025-04-15T10:45:40.798480
d8fab88c-2535-4b30-8a68-3c265330d22d,PROD_080,CAT_04,1,93.52,2025-04-15T21:35:04.359171
6244f629-5632-4d11-bac9-eae5ad210455,PROD_094,CAT_01,5,170.8,2025-04-15T13:18:43.207500
fa8db97e-a114-4094-95d3-3fd3b86a90be,PROD_006,CAT_05,4,117.04,2025-04-15T22:00:13.197917
766ad9ae-32b0-4d91-aff2-df1fc728d46e,PROD_015,CAT_04,5,13.01,2025-04-15T11:30:29.053726
d470115d-0f0f-4922-a93b-933284fed6c8,PROD_035,CAT_03,2,184.65,2025-04-15T12:16:42.515229
7928f28d-e171-4a13-aa4e-53d0a9009c66,PROD_016,CAT_03,3,114.81,2025-04-15T12:51:04.183722
cb80818b-11d4-4dab-be3a-87bdf3063b69,PROD_072,CAT_05,5,122.65,2025-04-15T06:29:58.265643
64787c0d-0595-457f-90e9-1002d169ca89,PROD_067,CAT_05,5,116.52,2025-04-15T01:15:36.071198
142165c9-6afd-4545-b66c-d178a1685b9c,PROD_080,CAT_04,4,54.5,2025-04-15T20:57:46.040560
57108d97-8360-4c14-a33b-ae0a36ae5c44,PROD_051,CAT_04,3,179.96,2025-04-15T22:35:22.364792
bc6e937a-10d8-45f9-83d9-53dd7545b190,PROD_027,CAT_02,1,82.99,2025-04-15T03:49:36.386554
bee02c9c-1b81-4c30-9eb1-33a437f9e5af,PROD_095,CAT_03,5,72.47,2025-04-15T09:32:28.227914
9bc5515d-1e39-430f-9370-028de5738225,PROD_097,CAT_03,4,32.08,2025-04-15T04:28:34.186024
9b865d52-f818-4d5f-b440-fc704c6280fd,PROD_078,CAT_02,3,190.89,2025-04-15T08:07:54.763771
bb8178af-2bf7-4a35-9673-7d5d1ed8d106,PROD_054,CAT_01,4,186.86,2025-04-15T19:42:15.227028
8f044772-52cd-4bb6-b7db-c043c037a125,PROD_043,CAT_04,4,144.99,2025-04-15T21:35:02.027188
4bca4233-c499-4d15-a036-3d88035672dd,PROD_084,CAT_03,2,49.54,2025-04-15T04:35:09.367996
61ebd2a9-52b4-4d5b-8bb4-0a2ddcd4c9d8,PROD_093,CAT_01,3,161.03,2025-04-15T22:59:42.887098
64867a89-f0e3-4bb5-991b-e8f2f52814d1,PROD_046,CAT_01,5,191.4,2025-04-15T07:50:39.237879
ebf1bc2d-c839-4091-a2de-15cc981d1c59,PROD_100,CAT_02,5,111.95,2025-04-15T18:32:45.204995
492a9d3d-4162-451a-b009-c7f6450f1d3f,PROD_028,CAT_03,5,42.16,2025-04-15T01:20:34.473142
51cb0007-2c30-4cde-8289-660054508ef5,PROD_051,CAT_04,2,161.71,2025-04-15T15:02:29.681255
7c44aaef-f981-4a2b-9f3e-9e791a46c5db,PROD_097,CAT_03,4,126.81,2025-04-15T15:55:04.007782
323e35b8-590a-4045-bd30-281f2ece7fda,PROD_047,CAT_01,3,182.81,2025-04-15T21:36:10.645539
54a351f0-9158-44ce-bb38-5e56e244e326,PROD_019,CAT_05,3,34.15,2025-04-15T09:08:14.735149
a76eb60a-babe-4ee4-a249-f89bb20f6353,PROD_021,CAT_04,1,74.2,2025-04-15T23:19:51.732283
a0617b38-b224-40e2-8410-75a1e1f071c5,PROD_081,CAT_04,5,39.3,2025-04-15T16:15:39.930448
57217150-d1a6-4a8d-9d2c-a25b4dea6d9c,PROD_044,CAT_05,4,169.89,2025-04-15T05:20:31.642754
07268595-e359-4eb8-8a11-60f39a4f7c84,PROD_070,CAT_04,1,148.92,2025-04-15T05:59:21.484356
eb63ad5a-01f5-40ce-b21e-cd623cadafc9,PROD_038,CAT_03,3,169.67,2025-04-15T20:51:02.585051
34ad7c31-2d7c-47d8-a359-a4e59feeee52,PROD_067,CAT_05,2,90.29,2025-04-15T02:36:31.229888
8e9f15ca-32ce-45c6-94e9-06a4981b03ce,PROD_064,CAT_04,4,21.27,2025-04-15T19:57:31.610825
3f281a94-ff73-4bbf-86c4-024af77b4c92,PROD_017,CAT_05,1,106.37,2025-04-15T16:33:56.807679
c2d70740-caa7-4a5d-adde-b3833583e538,PROD_075,CAT_04,4,111.04,2025-04-15T14:30:14.542561
1eae3daa-3d9f-4eee-ab7a-0b9e70e9d18e,PROD_090,CAT_05,3,168.66,2025-04-15T22:13:14.171379
63625cc0-5951-4f0c-911f-fae6e9149b47,PROD_092,CAT_03,5,132.11,2025-04-15T00:06:45.651000
9b4a5a8f-ab3a-485f-b6b5-2f70af0fc172,PROD_012,CAT_02,4,34.17,2025-04-15T18:49:14.800724
2b09ef94-c07d-415c-800f-9a6eed17a8a1,PROD_094,CAT_01,3,134.66,2025-04-15T04:07:47.164242
51630a30-5c99-4837-a2c5-fb9e06cbc545,PROD_006,CAT_05,4,10.93,2025-04-15T03:25:39.611039
c74279f4-e1e3-4b97-a41d-af948d76576b,PROD_021,CAT_04,1,96.85,2025-04-15T19:46:42.682335
51eba1d3-1f0c-4696-953c-a4250212c376,PROD_065,CAT_03,1,192.05,2025-04-15T02:00:31.151744
4dc83f8c-e382-42af-a487-462cb8fee8fe,PROD_004,CAT_04,3,42.74,2025-04-15T13:27:07.359295
5241dbab-c0c6-43a2-b08a-2997ea70d65e,PROD_072,CAT_05,5,36.39,2025-04-15T02:28:45.081301
e30101cb-93fe-4a5d-b8a9-9fb67b37f489,PROD_074,CAT_04,1,43.38,2025-04-15T13:15:05.847462
8a22ce38-0fef-4bb7-a04b-bd3cfe410530,PROD_038,CAT_03,3,96.95,2025-04-15T10:28:19.179145
ccab846a-e76a-4611-9e44-8494bdcea22f,PROD_100,CAT_02,1,87.47,2025-04-15T04:15:44.085974
108cfb51-78ee-4df6-86c5-1aa394a0b134,PROD_040,CAT_01,2,45.0,2025-04-15T18:34:05.654920
fddf347b-5e5d-49e2-9dde-df8fd2263a62,PROD_016,CAT_03,3,24.21,2025-04-15T08:32:16.975116
b4d7da2a-d8c6-4ea3-a8c8-06d26d255273,PROD_043,CAT_04,3,38.69,2025-04-15T10:11:07.051340
1fc90aaa-3901-4ec4-b118-aaea92b3f1eb,PROD_044,CAT_05,1,22.15,2025-04-15T18:58:38.867891
5c03b9d6-65d1-4516-a609-469c00cc079d,PROD_084,CAT_03,5,113.28,2025-04-15T00:04:50.432843
d3d2e0d6-d15d-47f4-b4cf-7a5d7a75d34f,PROD_074,CAT_04,2,107.32,2025-04-15T18:34:35.526853
4e620a70-40d9-4acd-b1b7-d377fbdd8188,PROD_078,CAT_02,3,21.67,2025-04-15T21:02:36.288214
2dd8d35b-f689-42aa-8719-0ad3548b8c14,PROD_038,CAT_03,1,68.21,2025-04-15T05:51:18.429144
9c5a9698-2ff5-4ff9-847a-0f31b8800d22,PROD_081,CAT_04,1,61.51,2025-04-15T01:44:19.708328
26568a87-695b-4bc9-84bc-b7266bb4edf1,PROD_014,CAT_01,4,17.41,2025-04-15T08:07:43.895013
9aef2e87-7989-4e90-ae73-6366c817560d,PROD_030,CAT_05,3,180.86,2025-04-15T03:32:35.282269
9128e038-8044-4c1e-a8d5-56aaff16aa66,PROD_012,CAT_02,2,140.12,2025-04-15T06:31:51.937742
295c8368-c56b-4915-a53d-fe4ce0e211f6,PROD_023,CAT_03,2,30.62,2025-04-15T18:37:25.552041
d8aa644c-f4c4-4a28-8299-22fe86a5662c,PROD_009,CAT_04,4,172.16,2025-04-15T06:03:53.827087
3aa147e6-5df5-44a3-8324-de9d87c1c65c,PROD_036,CAT_05,4,132.34,2025-04-15T17:06:42.403849
e80d5143-866f-486e-af1d-4fa98c6a42cd,PROD_054,CAT_01,2,131.05,2025-04-15T10:05:43.154626
ecce356d-7475-49fc-be1b-b8fbe80f47cc,PROD_026,CAT_01,1,27.25,2025-04-15T04:00:17.280054
eae49759-100d-4b70-a7fd-9f359f4fea8a,PROD_057,CAT_04,1,197.98,2025-04-15T23:09:47.405280
9f6a1f78-0c95-4c1d-8dea-926e802168c8,PROD_006,CAT_05,1,16.0,2025-04-15T01:50:47.436850
e462ef7f-6267-47d5-b273-3a2a7f9f948e,PROD_017,CAT_05,2,111.47,2025-04-15T20:06:15.985107
f055d8c7-fc3e-4bee-85ba-c2c6bc833ca6,PROD_075,CAT_04,5,57.89,2025-04-15T19:42:14.845228
3df5dab9-c796-4495-8a28-fc52d9c26e71,PROD_008,CAT_01,1,192.56,2025-04-15T19:20:17.226414
48e53436-84df-431f-be73-6d431e308644,PROD_047,CAT_01,5,32.59,2025-04-15T03:04:15.811157
e77be373-9105-4242-86c3-f6b8270d802b,PROD_084,CAT_03,5,25.07,2025-04-15T15:58:51.555146
87a660a3-e94b-4bf3-96c0-5f0ae982737d,PROD_075,CAT_04,4,88.71,2025-04-15T10:10:37.210108
c38738d6-999c-4a40-b3f7-9dffec3c1a38,PROD_001,CAT_04,4,22.45,2025-04-15T13:32:46.626076
886ca2c3-df6b-49d3-a825-7cd524e430b9,PROD_056,CAT_03,4,195.68,2025-04-15T09:00:15.733384
b3630d24-a8b5-4b82-b7f9-8c55d350031a,PROD_084,CAT_03,3,107.86,2025-04-15T17:22:37.663040
3a38da31-525f-49de-993a-fc5cd128c51f,PROD_024,CAT_04,5,168.14,2025-04-15T23:16:41.822185
aa23f272-07b2-4e56-98b2-129c68a9d1e2,PROD_012,CAT_02,1,167.95,2025-04-15T09:32:40.451140
9e3f265b-f5fc-41da-8e8b-16501ea42288,PROD_030,CAT_05,5,95.55,2025-04-15T09:53:43.883668
2ba90639-a704-4142-b4e8-cd7ea04f1850,PROD_035,CAT_03,5,123.95,2025-04-15T10:57:59.220731
715ba393-31ea-4fbe-81d4-244c78191dad,PROD_037,CAT_03,1,161.43,2025-04-15T21:11:16.364048
e6364537-18f9-48ad-aa34-7ae145f447fd,PROD_062,CAT_04,3,43.4,2025-04-15T14:07:54.408098
cf82340d-8cfd-489a-b18c-f09c594aa6ba,PROD_078,CAT_02,5,172.04,2025-04-15T03:48:33.056198
eb530656-4d94-48f0-ae84-bc55dfdbff45,PROD_089,CAT_02,1,72.18,2025-04-15T03:02:27.053129
b2476b0b-16ee-4495-b5cc-be929a5ec87c,PROD_020,CAT_01,5,114.06,2025-04-15T11:52:54.984159
6055d4a9-5ce0-4843-81a2-7e958fd22fd0,PROD_030,CAT_05,3,83.74,2025-04-15T04:42:10.539937
d6cd45f3-2b13-49be-aa55-11b934effae2,PROD_097,CAT_03,3,28.39,2025-04-15T03:44:58.635282
5cfce34b-2887-41ff-8bee-5767b9a2a7a1,PROD_045,CAT_01,4,127.53,2025-04-15T10:07:13.658753
32bd15b1-550e-4f53-81b9-dd54292e881c,PROD_008,CAT_01,3,175.37,2025-04-15T23:40:29.080151
ce6ea097-0b6b-468f-b3bc-7769bfa94864,PROD_004,CAT_04,4,47.91,2025-04-15T09:59:00.371838
1eba1103-201a-4cca-b012-019493492217,PROD_016,CAT_03,1,165.55,2025-04-15T17:55:39.175100
1c2cb405-a52a-4729-846c-2dade749b838,PROD_059,CAT_01,1,190.4,2025-04-15T11:48:36.768155
dc4a07f1-6d39-4bf9-bc83-46e7e12536f8,PROD_086,CAT_01,1,167.57,2025-04-15T17:42:13.418701
c8519e3b-65ff-4a2a-83a4-cd43b991ca84,PROD_049,CAT_02,1,180.34,2025-04-15T22:00:35.447098
d71f9d6d-973b-45f1-91a7-792288fb6748,PROD_073,CAT_05,3,191.88,2025-04-15T03:47:28.930718
a0aca6d8-dbd7-4c6b-af44-d901bff03d83,PROD_090,CAT_05,3,81.18,2025-04-15T04:01:17.805511
9429165c-a112-452c-b778-e48d06970bfe,PROD_022,CAT_05,4,36.22,2025-04-15T07:20:59.748641
b090ba75-f6fc-43d8-a453-4ff9432cd9c5,PROD_007,CAT_05,3,185.4,2025-04-15T04:16:03.525107
99bf1f43-5ee6-4978-8d76-948ef84c511a,PROD_073,CAT_05,5,131.02,2025-04-15T19:53:05.498059
dade4cea-8ec0-4cd2-8265-73934b92b569,PROD_087,CAT_03,1,100.74,2025-04-15T22:21:23.899152
f6cca404-d4a2-4041-aaa5-31f0be42cc5a,PROD_074,CAT_04,5,151.67,2025-04-15T08:57:23.393351
f2f42e69-9826-4715-9f5b-281ff2862793,PROD_021,CAT_04,5,118.62,2025-04-15T20:23:55.053238
6844109f-c8a8-41fb-9389-0c9e0a185ceb,PROD_088,CAT_05,3,188.65,2025-04-15T22:10:55.489084
192a74d8-fc96-4576-86e0-967116355b81,PROD_015,CAT_04,1,194.51,2025-04-15T19:56:04.208806
b79f0d0d-17b1-444d-875d-49ea5429e21e,PROD_033,CAT_03,2,29.42,2025-04-15T08:05:21.062478
9b4250d7-a178-427a-b91a-31121c479b5c,PROD_008,CAT_01,4,139.05,2025-04-15T18:25:42.496541
9ffd7e4d-469b-4190-a424-556d9b775cb0,PROD_025,CAT_05,1,147.12,2025-04-15T06:27:00.972706
a68528a6-6f1e-4db9-99a0-c301d0200108,PROD_056,CAT_03,2,179.24,2025-04-15T14:59:50.994657
166c5e7b-2d7f-4638-a73c-ad154300e469,PROD_039,CAT_04,2,53.86,2025-04-15T06:47:16.711342
4e76819f-4568-4cd3-b6b7-2b54e15eaf80,PROD_068,CAT_03,3,72.31,2025-04-15T10:06:10.565250
2eb5c870-0865-4230-8b26-c3d3c91def26,PROD_044,CAT_05,2,118.77,2025-04-15T22:49:22.025446
54206129-aeb5-482d-8177-f7937969d5f4,PROD_090,CAT_05,1,160.81,2025-04-15T18:46:08.910403
66d6915e-3fd7-4423-abec-5404d2d26f1a,PROD_016,CAT_03,2,70.81,2025-04-15T13:02:47.253499
7a462a49-b0c4-415b-a610-876b03c8203e,PROD_084,CAT_03,3,98.22,2025-04-15T14:41:32.102947
13a7b07b-bf78-417b-81eb-c0f4c6f36459,PROD_083,CAT_02,2,117.28,2025-04-15T01:19:00.931638
9a780f59-0287-45df-8c48-c469ed4fcb97,PROD_098,CAT_05,4,89.7,2025-04-15T15:27:13.826873
37e66ccc-d30d-44a4-858d-7631df53897d,PROD_067,CAT_05,2,97.82,2025-04-15T03:00:12.017961
2e64842b-5d01-40f6-91ce-8d3ca4d90cab,PROD_073,CAT_05,2,102.75,2025-04-15T19:36:34.464485
e4a73b03-4c71-4a7e-85a8-727e9a2e8fe9,PROD_023,CAT_03,3,114.07,2025-04-15T15:29:47.546496
9787b422-cac3-4fdd-b5f5-adf24f83c63f,PROD_067,CAT_05,2,141.47,2025-04-15T02:39:42.995625
a0088829-e877-4d5c-b8bd-7d786057628c,PROD_067,CAT_05,5,69.25,2025-04-15T14:14:45.640201
9b4f2ca9-c064-43e7-856e-530a145c7b39,PROD_057,CAT_04,2,161.3,2025-04-15T20:02:19.540071
b8a00e73-d711-4955-acba-e3716467d62f,PROD_008,CAT_01,3,99.1,2025-04-15T19:41:39.338280
68df5471-5482-4cf8-9294-f29b58b4d756,PROD_044,CAT_05,5,121.79,2025-04-15T09:36:05.544441
db09f910-1e13-4220-a985-2ddb5dc10c43,PROD_023,CAT_03,2,70.88,2025-04-15T11:56:43.109227
5c6a461f-a93b-4af4-8d15-363c395f1be5,PROD_017,CAT_05,3,185.67,2025-04-15T03:54:54.296289
0c53c3b2-b357-4419-82a7-e0f3606d4eec,PROD_002,CAT_04,1,98.43,2025-04-15T06:22:14.343352
18c435cb-4e46-481d-9658-6598918ccd73,PROD_069,CAT_05,5,161.01,2025-04-15T01:37:07.466588
0de17591-bc8f-4f68-b335-1614542b9dd9,PROD_021,CAT_04,1,81.96,2025-04-15T19:46:13.715506
003dd467-35b0-4b9b-928b-a132b6d9326d,PROD_012,CAT_02,3,37.54,2025-04-15T14:22:40.406095
2ad45f0c-6b05-4618-8603-891bc3203ec3,PROD_008,CAT_01,1,33.63,2025-04-15T14:12:04.731321
0d30e90d-bb6a-4819-b389-431f39f68d3f,PROD_076,CAT_03,5,133.05,2025-04-15T12:26:01.839869
963c5e9c-b121-4b93-957a-ea9aef78de4e,PROD_073,CAT_05,5,187.07,2025-04-15T21:55:39.498392
bd967fb0-62d1-4268-a16f-825c238b5718,PROD_018,CAT_04,4,90.38,2025-04-15T00:57:59.069047
b42dde0a-561e-4136-9b49-04e09db19eb5,PROD_030,CAT_05,3,102.11,2025-04-15T03:20:41.578417
d22c09cc-5674-4f9c-8177-b8c3250c9afb,PROD_018,CAT_04,1,22.24,2025-04-15T06:30:59.724753
a07aeba7-612e-468f-82cb-aede073eb751,PROD_064,CAT_04,4,189.56,2025-04-15T20:38:32.407447
117a1615-1e4b-4648-9d64-03a0cabc4250,PROD_075,CAT_04,3,94.89,2025-04-15T05:49:30.733375
62ad16cd-e28a-46d9-87bf-f841b0e33d8b,PROD_043,CAT_04,1,197.79,2025-04-15T13:21:55.199043
6cd3901d-03c8-41de-ab90-3361424943dc,PROD_096,CAT_01,4,192.99,2025-04-15T20:48:25.120079
242c64ae-d68f-40f6-a353-46ac8b9b1877,PROD_034,CAT_03,5,25.07,2025-04-15T07:10:58.306283
351656ff-4554-45a0-b77d-3be76692a627,PROD_045,CAT_01,3,49.88,2025-04-15T05:07:04.234210
c0e30c6f-82fd-48a6-9ff1-91ad99a6fdfb,PROD_028,CAT_03,3,194.93,2025-04-15T09:10:20.316853
4c889d16-cd35-454f-a376-8a99809d37f3,PROD_009,CAT_04,1,13.76,2025-04-15T11:43:04.640926
610232c3-7c3e-493d-8d40-7c6f906c14c1,PROD_003,CAT_02,1,137.56,2025-04-15T15:55:53.324247
7ba3868b-db8f-47ec-81ed-98805c790bc4,PROD_070,CAT_04,3,43.44,2025-04-15T20:22:06.190621
8d1f5e29-2b57-4207-b03a-264e398d73ed,PROD_032,CAT_03,4,174.31,2025-04-15T04:58:20.751865
9dc3b63a-7f22-4d45-acb1-43a2d95b0806,PROD_051,CAT_04,3,56.56,2025-04-15T23:18:10.794812
f90e2374-2783-46e1-94f0-c2afa752b559,PROD_071,CAT_03,1,92.33,2025-04-15T04:19:06.582033
9e139649-9026-461f-be5c-2785fb7bb424,PROD_087,CAT_03,1,110.73,2025-04-15T00:55:19.361932
8fb7dadf-c987-4827-89d0-2072c0551780,PROD_005,CAT_03,4,29.05,2025-04-15T04:16:07.157980
72afdc51-a045-4a33-96c3-7a49b6249667,PROD_016,CAT_03,2,51.12,2025-04-15T00:05:16.219123
d782fbc3-1acd-4e4b-8417-f92b728eaa50,PROD_002,CAT_04,3,52.73,2025-04-15T15:32:27.985476
787f4ff9-bd88-4c36-8228-a198069f0a66,PROD_051,CAT_04,4,75.19,2025-04-15T01:12:43.903868
4cbe83e7-4584-4956-8141-806c33c885ed,PROD_061,CAT_02,4,108.28,2025-04-15T06:07:27.345810
56a143aa-5daa-4d56-98be-69bf1aee26d7,PROD_067,CAT_05,1,55.41,2025-04-15T22:03:35.368700
4499d8b5-f017-4321-9df9-5d5ffe48b56b,PROD_067,CAT_05,5,128.19,2025-04-15T16:37:56.785711
91064443-0e4d-4483-9f0c-c8c0864ce862,PROD_094,CAT_01,1,159.59,2025-04-15T09:21:58.192201
3697a106-23c0-44b4-be36-dfa6e4c7c1ef,PROD_017,CAT_05,1,116.93,2025-04-15T08:38:46.121881
3f04f2d6-bef7-4b26-8381-c7764688fe35,PROD_081,CAT_04,2,146.95,2025-04-15T04:45:00.082633
212b31c5-dc69-4326-848d-be1127ea12a0,PROD_091,CAT_05,2,92.18,2025-04-15T18:11:07.383247
55727a63-3080-4699-8373-81ea14ebe2ff,PROD_044,CAT_05,1,168.03,2025-04-15T20:39:35.705488
c796191b-256a-4d3d-88ca-606fd1b747ce,PROD_085,CAT_02,1,26.25,2025-04-15T16:14:24.400983
a184a3fc-1aad-4df3-b162-34896f5efe9b,PROD_097,CAT_03,5,69.13,2025-04-15T21:46:18.959329
fce22038-dca2-4213-a80c-605b2b43bf60,PROD_005,CAT_03,3,36.41,2025-04-15T09:40:13.992965
4183cfd4-8c1c-4eae-bde1-84924cd3e4bb,PROD_010,CAT_02,1,75.96,2025-04-15T20:33:03.639135
38b3a27a-0056-4237-b1e7-9fc411d35c3c,PROD_092,CAT_03,2,141.56,2025-04-15T08:20:32.710351
c7c93c7c-cc4b-4826-ab69-58dcfebdc99e,PROD_059,CAT_01,2,177.04,2025-04-15T10:55:40.898893
f697732a-e632-4e94-a937-15a3e3d30e6f,PROD_046,CAT_01,5,194.36,2025-04-15T04:16:45.148901
79584a2f-f130-497c-b119-36f889b4de96,PROD_074,CAT_04,4,56.89,2025-04-15T06:20:03.344446
72d48cab-cb8d-44ed-add8-341cdfb4b66a,PROD_066,CAT_03,1,176.24,2025-04-15T07:56:22.910415
f22f8b17-ce0d-4341-8cef-1d3be76c14ac,PROD_050,CAT_02,2,24.27,2025-04-15T00:47:01.365428
5be828c7-e26e-4ef2-9fec-42e1fec37ceb,PROD_065,CAT_03,3,86.02,2025-04-15T00:53:18.702041
5575dc8d-7910-41e8-b2c7-6f5d2dffd7b7,PROD_016,CAT_03,1,42.94,2025-04-15T00:10:54.817160
a557e601-eda6-49b2-b41b-80691074fed0,PROD_064,CAT_04,3,184.32,2025-04-15T09:54:19.796910
b3ee7c60-498c-41e0-9374-9cc43a4071e4,PROD_081,CAT_04,2,115.96,2025-04-15T03:50:08.691143
5181331f-b1f3-4122-b5bc-d7cdb2ff466a,PROD_089,CAT_02,3,113.56,2025-04-15T19:03:26.384000
07cb31ab-2163-4a12-9d2e-b485809bdc45,PROD_063,CAT_03,3,51.68,2025-04-15T15:34:41.936989
6745c357-102d-440a-b892-b2b2d465f7b2,PROD_023,CAT_03,2,170.32,2025-04-15T13:20:26.110296
83f005eb-08d8-4517-83e2-c6495b099005,PROD_094,CAT_01,1,143.09,2025-04-15T16:52:42.224679
8c2e3a4c-30a0-4511-97ad-ab9f6dd4fc10,PROD_012,CAT_02,5,122.89,2025-04-15T11:18:06.445985
3a223b21-6ec9-453b-86f8-93902fde9e6d,PROD_038,CAT_03,3,164.11,2025-04-15T10:39:53.428057
91cca16c-c308-42e2-a4ab-1ddced3ae732,PROD_037,CAT_03,3,105.13,2025-04-15T16:30:08.821157
9542a4dc-b562-4656-8a7f-7fff52a31cb6,PROD_019,CAT_05,1,179.99,2025-04-15T23:32:54.588874
5faa4c83-d273-43bf-9e0e-eafa72614784,PROD_043,CAT_04,2,52.42,2025-04-15T10:45:37.333635
83a662b0-d7c2-401c-9ed7-998c1c873b70,PROD_008,CAT_01,4,176.78,2025-04-15T14:56:06.398474
36b93e1d-490b-4104-ade2-fa719f59c3f4,PROD_048,CAT_03,5,84.88,2025-04-15T05:44:40.434223
4393bf32-f9bd-4097-9604-2888d8959f0c,PROD_063,CAT_03,5,175.7,2025-04-15T01:32:08.226118
2e5ad9ab-6932-4c00-bd87-b62125c4511c,PROD_018,CAT_04,2,67.46,2025-04-15T07:38:16.524788
473872db-2d75-4771-be5e-dcff7e7b2415,PROD_016,CAT_03,1,123.12,2025-04-15T08:18:09.617597
af51a768-0947-4dab-87b0-81c1b0fe0e4c,PROD_053,CAT_04,1,57.18,2025-04-15T23:10:05.121689
d0e0f913-0874-42ef-a7f2-143799ae886a,PROD_024,CAT_04,1,46.93,2025-04-15T11:55:23.016245
1adca028-91e9-447d-a40b-2b8732dd09c0,PROD_016,CAT_03,2,149.56,2025-04-15T02:54:33.706128
693a46e0-ecc8-4bce-b188-9a0ab649b1a7,PROD_068,CAT_03,3,26.4,2025-04-15T18:16:19.668658
056e7553-e0c7-445d-9772-f10e36138553,PROD_085,CAT_02,4,27.29,2025-04-15T22:57:14.521716
a16e51e7-835c-499a-bdec-7161660b0c5a,PROD_023,CAT_03,5,186.84,2025-04-15T19:03:47.540301
fc6ae759-18e0-4a25-94aa-47ce5a9bbf74,PROD_026,CAT_01,3,156.94,2025-04-15T21:44:02.435266
b5c85ac1-801e-40b0-a130-b867e411b0f5,PROD_077,CAT_04,2,71.08,2025-04-15T20:10:03.917652
20de75cc-88f4-4e5a-8768-9d8c11832a6d,PROD_048,CAT_03,2,109.29,2025-04-15T10:07:51.215709
5e7093e0-5ae7-4458-abff-960196396d19,PROD_100,CAT_02,4,84.29,2025-04-15T05:38:15.642294
87d32045-bb51-4ef4-ae35-25cf6396ed3b,PROD_002,CAT_04,1,136.35,2025-04-15T14:33:50.212427
10f478fe-bed0-4972-8d84-b7cbba9e111f,PROD_070,CAT_04,5,136.47,2025-04-15T02:52:59.367883
9ecd4993-f33c-4ef4-91e3-385190b6ca88,PROD_080,CAT_04,3,42.01,2025-04-15T16:10:28.423822
d22e45d5-cbe2-4436-aa18-55712c290988,PROD_038,CAT_03,1,187.58,2025-04-15T06:09:24.426471
af347dbc-9f6c-40e1-934b-33b09f95b662,PROD_057,CAT_04,3,94.47,2025-04-15T12:51:39.688957
4628a624-f06a-45ab-ba1d-16b571065ee7,PROD_074,CAT_04,2,181.67,2025-04-15T02:39:11.530242
09726be3-689d-45a5-9234-cb1bd99dd54c,PROD_039,CAT_04,2,79.97,2025-04-15T06:55:44.165122
9233f535-bc5d-4489-bfa9-31a7fadaa3af,PROD_078,CAT_02,3,11.69,2025-04-15T08:11:05.100146
cf6dc208-8f71-41cd-95f7-a9eec30f587c,PROD_092,CAT_03,3,98.91,2025-04-15T01:05:16.449398
709960d1-8004-49fa-a19c-9cc7a036df5d,PROD_066,CAT_03,4,162.63,2025-04-15T11:06:15.118042
c2fdedf2-8963-4203-83b2-2a05d19aeb30,PROD_074,CAT_04,4,13.44,2025-04-15T02:28:13.377099
2ee67ad4-66ee-496c-b86d-dce189d27a82,PROD_009,CAT_04,3,195.0,2025-04-15T08:39:29.165830
33afb89c-3155-4310-b1fe-0008f8cf9a3d,PROD_039,CAT_04,1,121.15,2025-04-15T03:33:46.857210
fed74440-9ac1-4f63-99e8-21186508ed6e,PROD_027,CAT_02,1,82.77,2025-04-15T04:11:36.355787
6a84e06e-4bf6-4be1-8652-bf34aa44b826,PROD_059,CAT_01,5,143.51,2025-04-15T17:55:52.917512
ac9d749e-a077-4a07-943e-5bc5dd2374ec,PROD_034,CAT_03,5,49.42,2025-04-15T03:48:06.069642
c589c8ba-2642-4891-a836-9e38b4e09ca6,PROD_052,CAT_03,1,153.96,2025-04-15T03:26:08.334532
ec0a4611-13af-4dd7-8c07-a0f184cd0b2d,PROD_061,CAT_02,2,165.44,2025-04-15T06:39:49.767880
1de0c4b9-cee6-4ce8-b40f-53d5ca4134c5,PROD_081,CAT_04,3,193.2,2025-04-15T02:10:12.223727
003ddf2d-7b15-46d2-90c2-c9edcf15ea2f,PROD_039,CAT_04,5,170.7,2025-04-15T09:39:05.812021
33d5fee0-4a2c-4bb9-8738-8def35456637,PROD_018,CAT_04,5,132.72,2025-04-15T01:09:51.519506
41e97395-1515-41fc-b6f2-03fe55aa8cd7,PROD_011,CAT_02,2,79.83,2025-04-15T00:12:40.739424
07a6e455-bb53-40f8-81d7-13091d2e7c62,PROD_038,CAT_03,1,91.05,2025-04-15T03:27:27.048706
6892d11f-8663-4f3d-90fe-c0bba6233cee,PROD_071,CAT_03,4,20.14,2025-04-15T10:38:16.354741
b62fc219-2caf-404c-b9cc-e77750a382b3,PROD_001,CAT_04,5,117.73,2025-04-15T09:32:04.423117
8523381e-d36c-41b6-b46d-b4bbc02d5c89,PROD_003,CAT_02,1,174.71,2025-04-15T15:51:54.961681
75282039-017b-46e0-8d70-0a31ad4a580a,PROD_091,CAT_05,1,71.78,2025-04-15T13:39:46.592030
e12a54f3-97fa-41f6-b6e0-f53eb39e4d40,PROD_025,CAT_05,1,157.08,2025-04-15T19:54:50.624836
dd1fdc0e-cd24-44f0-b487-003a2b76d049,PROD_098,CAT_05,3,169.09,2025-04-15T13:51:36.010612
af285e8b-fefc-4859-b0eb-5d80ad683b08,PROD_099,CAT_04,1,118.96,2025-04-15T01:55:50.498061
deada701-1957-4be9-baa0-23095c671fd2,PROD_063,CAT_03,4,124.18,2025-04-15T11:59:46.691854
1e6ea04c-195b-44fc-89b5-e1a1f430dd3f,PROD_030,CAT_05,2,147.67,2025-04-15T03:09:21.205019
a8a1d519-2faf-4cef-b796-a5cb148029f9,PROD_046,CAT_01,3,31.72,2025-04-15T21:25:39.629410
1a4e5569-4a56-4517-9acc-40b07bce0f40,PROD_082,CAT_05,3,106.16,2025-04-15T05:11:21.646577
11926e2e-4bfe-4205-81ae-95333a08967c,PROD_059,CAT_01,1,172.29,2025-04-15T05:12:13.586725
12654b4b-d560-483e-bd4a-de9b78400eed,PROD_045,CAT_01,4,110.85,2025-04-15T01:11:03.786261
9806ca24-5ede-4c02-aaac-8d68351ccdaa,PROD_039,CAT_04,2,97.27,2025-04-15T00:32:11.711265
84e3d4d6-30db-47ac-a38a-ba5212a68beb,PROD_069,CAT_05,1,45.94,2025-04-15T01:10:02.469879
d10900a7-264a-468d-9e84-7dbaa5f61da5,PROD_014,CAT_01,1,166.61,2025-04-15T13:02:15.859988
ce5e543c-d500-4bd7-bf6a-8039ba63f9dd,PROD_096,CAT_01,3,95.92,2025-04-15T04:20:56.668468
620b4c8c-7e85-4960-b06b-2b4ac10e99da,PROD_069,CAT_05,5,132.91,2025-04-15T12:15:12.110842
8ef36508-8018-4578-a8fa-eb2926f703b3,PROD_093,CAT_01,3,136.64,2025-04-15T21:44:53.389219
c19515aa-974f-4ae3-a3af-803a1cfe5590,PROD_018,CAT_04,1,13.02,2025-04-15T23:47:00.607274
7f681751-e765-4819-b6af-5e8216b0bb6b,PROD_049,CAT_02,1,43.52,2025-04-15T19:23:02.606966
2be6559a-8315-4355-a723-0b71b2394ed3,PROD_020,CAT_01,5,181.96,2025-04-15T16:18:27.661798
47616d38-475b-4e24-a20a-91a4ee32f68f,PROD_056,CAT_03,1,139.6,2025-04-15T05:41:46.175440
2e0a9184-5bcc-47f0-884e-d810d9e1b7d8,PROD_057,CAT_04,2,144.26,2025-04-15T23:46:42.122328
838dd0b3-092e-46f0-8430-59075b6e5064,PROD_033,CAT_03,1,162.54,2025-04-15T10:20:05.865278
12821eee-c2b2-487f-b0b5-31442adf1716,PROD_056,CAT_03,4,110.08,2025-04-15T11:37:45.166283
e67e8fd8-de18-4b87-9cab-8bc7ce9b2f76,PROD_071,CAT_03,5,112.33,2025-04-15T23:59:18.329045
36beb187-5b67-46a2-8e07-4beb0e994bab,PROD_028,CAT_03,1,108.62,2025-04-15T07:59:33.274144
2a9eae92-75e9-4782-a474-f0f7f7d49c4f,PROD_086,CAT_01,2,92.0,2025-04-15T02:16:55.225479
b6e97426-0d3f-46d8-83c0-2240f9a9a550,PROD_066,CAT_03,2,59.65,2025-04-15T22:57:58.568804
8daa2816-d689-47c0-934a-db75eba53772,PROD_067,CAT_05,3,22.24,2025-04-15T20:48:41.470699
49cb2ef9-2c03-4c6c-a1c7-47e6f4d0477f,PROD_071,CAT_03,3,175.79,2025-04-15T15:41:32.299194
bcd866c4-70a9-4cf6-a2e6-03efb095b43f,PROD_008,CAT_01,3,149.99,2025-04-15T23:48:06.747275
868c402d-4151-4533-a799-1cbad7bb40fc,PROD_062,CAT_04,3,17.69,2025-04-15T23:53:28.151677
659930a8-f79c-403c-95e7-e0d70b3adb28,PROD_006,CAT_05,2,95.35,2025-04-15T16:47:51.909166
b220b962-5b32-4b81-a8a8-b1449ed8c76b,PROD_012,CAT_02,2,84.81,2025-04-15T12:39:36.776540
3c00b308-a623-4f28-8da9-e8b8e504d385,PROD_011,CAT_02,4,75.41,2025-04-15T20:50:08.414593
b09a978e-638e-4401-ba1a-30d8502637e9,PROD_083,CAT_02,4,56.57,2025-04-15T17:25:15.485872
03a91373-ac54-47a7-92db-7f9eb4d6adb4,PROD_017,CAT_05,4,194.59,2025-04-15T13:14:32.911085
1b85bf4a-0327-4277-93ca-18d88283dae9,PROD_028,CAT_03,1,111.75,2025-04-15T02:13:16.034407
9642ca9d-81fe-4dca-8fe7-4ac4df5307ff,PROD_029,CAT_04,5,175.5,2025-04-15T11:07:56.431564
e6f29a61-ddb8-466e-aeae-320f60fcadd6,PROD_009,CAT_04,4,103.0,2025-04-15T20:17:37.795619
7e927e04-4129-4d51-87cf-2566da00052f,PROD_003,CAT_02,2,52.93,2025-04-15T03:33:26.032247
a3f2aeb4-4dd6-4b2c-960e-a42cf0f3a491,PROD_072,CAT_05,1,19.65,2025-04-15T00:24:32.031126
eacff35b-ce7a-49ca-91be-b0bd35c89dfc,PROD_007,CAT_05,3,35.0,2025-04-15T19:02:24.523037
be1aaaee-524f-494b-bb5d-53221ae4defc,PROD_058,CAT_01,4,80.38,2025-04-15T05:29:30.460167
805ff2c0-ce30-4997-8445-68610e228401,PROD_055,CAT_02,5,19.14,2025-04-15T22:32:21.398034
8d6a788f-d447-4564-827e-5f5e28dcf492,PROD_028,CAT_03,4,131.95,2025-04-15T08:56:08.746281
3a089a32-00db-4fda-a850-643701128999,PROD_044,CAT_05,4,189.46,2025-04-15T13:48:04.660573
7136af14-1eeb-45d9-b637-b32d65a4988a,PROD_002,CAT_04,1,74.67,2025-04-15T18:11:09.119180
17aff68d-0c72-44d4-8220-1a9bcbb54ef6,PROD_039,CAT_04,2,40.89,2025-04-15T08:20:37.761859
8455986f-5c91-43a2-84f5-9c30dec6e0cb,PROD_009,CAT_04,1,80.55,2025-04-15T03:48:01.552398
22886844-6de3-4098-adab-2684fe235d90,PROD_019,CAT_05,5,94.08,2025-04-15T17:39:52.517044
743840ff-e7de-4b49-aca6-d8deaf46d72e,PROD_042,CAT_03,2,125.45,2025-04-15T20:45:22.549711
c766027f-21b4-43c5-846b-cc578a03b3c9,PROD_076,CAT_03,4,26.26,2025-04-15T08:36:26.744535
b78f9ffe-e072-4a57-833c-a3377c4050bd,PROD_076,CAT_03,2,129.99,2025-04-15T23:17:09.303017
050a2034-bd12-4c5b-a984-1ca138e053db,PROD_070,CAT_04,3,62.73,2025-04-15T07:46:58.273958
2df07bbe-6858-4244-8944-c26f06d7ff25,PROD_029,CAT_04,1,158.64,2025-04-15T06:16:22.256737
57f11a8c-b89b-4876-9559-a7a5cdc5d1c0,PROD_021,CAT_04,3,175.53,2025-04-15T10:21:54.124902
272d9f52-95cb-45f7-a5db-ec346fca46ff,PROD_087,CAT_03,4,54.59,2025-04-15T10:21:00.578216
fad25af3-1f36-4fc3-a94c-3d62559ad0c5,PROD_072,CAT_05,2,108.0,2025-04-15T09:04:33.663166
1a7c0726-8c75-49d9-a9c2-5bd4c0c3a4d3,PROD_065,CAT_03,1,93.46,2025-04-15T09:48:09.656548
ccaa04bd-4331-49b1-95a9-9468ddc171ea,PROD_079,CAT_02,2,74.89,2025-04-15T05:50:14.873213
03e3cc5b-72e1-4a2c-bcdf-e7b45bb37292,PROD_053,CAT_04,5,80.83,2025-04-15T20:57:00.058620
fb80c81b-c91f-478d-aea5-08fd59cc0c25,PROD_090,CAT_05,2,40.84,2025-04-15T19:38:43.288552
e9a3c5cc-af3e-4551-a4bf-e4a860143062,PROD_004,CAT_04,2,135.14,2025-04-15T12:19:09.652556
ff8773b7-fbd7-4cee-ae6f-79b8c34da977,PROD_004,CAT_04,4,157.74,2025-04-15T01:43:55.702663
a60541ea-c7e7-4e8a-b4dd-9cad7fbb013d,PROD_076,CAT_03,2,181.85,2025-04-15T10:28:25.399077
9f959c9e-dcd7-421c-9479-8ded985d87c9,PROD_074,CAT_04,2,180.17,2025-04-15T11:57:25.422445
5037f15f-4f53-44d3-ad54-9851288405de,PROD_003,CAT_02,1,150.76,2025-04-15T00:43:00.021832
52a48abb-0d63-4698-a63f-3e5752a5581f,PROD_094,CAT_01,3,84.64,2025-04-15T18:52:14.352944
53140d73-c761-4fcc-8168-483d0b960502,PROD_080,CAT_04,4,32.26,2025-04-15T21:42:59.986887
5a978da1-eb4d-46ab-b400-bec028f8d0ee,PROD_046,CAT_01,2,191.84,2025-04-15T05:27:33.695361
f3125f15-0aec-4fcb-bb75-bae9265d1d48,PROD_030,CAT_05,3,48.49,2025-04-15T04:44:02.045841
ceea30fd-db6e-4388-b38d-80510d464654,PROD_063,CAT_03,3,188.87,2025-04-15T19:14:54.670542
99125f48-81ca-4864-a8cf-4248fb3e00b0,PROD_085,CAT_02,4,139.78,2025-04-15T09:49:49.380419
18f29416-1e61-4d04-bcb5-e39c99220bf2,PROD_014,CAT_01,1,196.21,2025-04-15T18:53:19.563617
e8e437c0-2c9c-4364-9ebe-b9f68ed7ef8a,PROD_086,CAT_01,5,44.17,2025-04-15T12:57:26.384043
db9f24a3-1bc5-4d63-b0b4-f3b3c09bca22,PROD_027,CAT_02,2,165.97,2025-04-15T21:55:41.561754
e6c23338-08a2-4cb6-a099-5a744302498f,PROD_085,CAT_02,4,183.93,2025-04-15T19:48:48.635214
4a441b28-259c-4e0d-a7cc-30f6f87d79db,PROD_086,CAT_01,1,120.81,2025-04-15T08:25:25.045432
a32b19df-1bdd-45fc-bf75-5ca66483bb6b,PROD_056,CAT_03,3,113.89,2025-04-15T02:01:31.362139
7b0b01d1-ee02-4868-8564-2d017fdd0217,PROD_018,CAT_04,4,148.49,2025-04-15T02:46:46.231295
24d8654c-61cc-4b64-929f-f14cba955782,PROD_055,CAT_02,3,109.21,2025-04-15T12:16:35.042911
5b5ff0d4-fbb2-4b70-a49a-cd851dd894a0,PROD_019,CAT_05,2,110.31,2025-04-15T11:03:52.568064
7adb8565-d2b5-4f49-870e-de0e2f1beaf2,PROD_068,CAT_03,4,31.5,2025-04-15T11:59:35.058010
78a9e7b7-f13f-44a0-a3c6-b9cceeb00d15,PROD_047,CAT_01,1,114.09,2025-04-15T06:41:52.713157
d7b193d8-c9fa-442f-b23c-0f363050dbe4,PROD_043,CAT_04,5,124.8,2025-04-15T22:04:23.967180
01b7c14b-30cb-4b38-b6c6-978a49360e12,PROD_081,CAT_04,2,188.2,2025-04-15T18:12:16.101251
2a8b4708-4155-4ce7-88ae-892c33877fae,PROD_091,CAT_05,4,49.68,2025-04-15T15:11:20.475460
d209f1c2-13df-45f8-89c4-e5d7bc750500,PROD_034,CAT_03,1,174.75,2025-04-15T08:40:41.107149
ea543d0a-5e8f-45b5-b757-672c0a835a92,PROD_084,CAT_03,5,34.12,2025-04-15T14:18:26.800998
c83f81e6-51c5-4ad0-b81a-908f9bbaf682,PROD_081,CAT_04,3,133.3,2025-04-15T20:19:58.838719
565d419c-eee1-4ffe-bdb5-839a7b1ebb45,PROD_088,CAT_05,4,56.36,2025-04-15T07:21:46.118804
75fd6cef-8c73-47a2-935f-ac605fd179f8,PROD_017,CAT_05,5,188.36,2025-04-15T23:38:55.767940
6d0a17e4-f195-4603-b020-434975336a0a,PROD_097,CAT_03,2,192.02,2025-04-15T23:34:52.585133
20668eea-46d7-4dd9-85d0-c72fc2dd34b5,PROD_093,CAT_01,4,188.92,2025-04-15T21:55:35.429008
07d3db53-9fb9-4763-aadc-9416b4689042,PROD_023,CAT_03,1,176.45,2025-04-15T02:59:00.994934
587b9995-61b4-496a-940b-efdf4a936b3c,PROD_091,CAT_05,1,192.54,2025-04-15T08:31:26.222537
2c1691b9-5bbb-41ac-a25d-a154a92e5709,PROD_072,CAT_05,3,196.4,2025-04-15T18:04:58.953119
3752d79e-d8fa-4278-9254-5c561b74e2b8,PROD_090,CAT_05,3,132.2,2025-04-15T08:32:52.929660
23ff674e-2ee0-419e-8adf-2f6f74d67f90,PROD_002,CAT_04,1,24.43,2025-04-15T08:56:25.930810
50b992a4-0bba-41fa-88db-4976b3aec1c1,PROD_005,CAT_03,2,46.87,2025-04-15T18:17:50.914219
13a2447f-17c7-4fe0-b18f-74ff2ceb057f,PROD_013,CAT_04,5,111.28,2025-04-15T04:22:38.836238
11bf58df-347f-4d4d-90ae-19f6368bd563,PROD_062,CAT_04,4,46.63,2025-04-15T06:29:11.580309
944eafdd-3574-4efa-b564-89c1fd6de23c,PROD_011,CAT_02,2,122.21,2025-04-15T08:39:28.015881
50940418-9b15-403d-8640-5525f3f542ab,PROD_080,CAT_04,2,159.37,2025-04-15T06:38:43.973846
64f9acfe-efb3-4a20-b85d-0c725ed68ad1,PROD_061,CAT_02,4,50.19,2025-04-15T15:07:51.378658
77e3dfca-75c9-4dcc-9507-c8c626e639b1,PROD_083,CAT_02,4,181.94,2025-04-15T08:04:38.541757
fce90534-d58a-4eb2-8ddd-b3b8793f6670,PROD_040,CAT_01,4,144.07,2025-04-15T09:29:26.036062
48f6bfa8-2049-498f-9810-5056a87704c4,PROD_085,CAT_02,5,96.89,2025-04-15T03:33:37.498296
8b85bfef-1c18-4d2a-9a25-202867f5877b,PROD_045,CAT_01,3,52.14,2025-04-15T09:17:46.500215
69234d59-4c2a-465c-9626-a412a0c61198,PROD_014,CAT_01,1,75.95,2025-04-15T14:52:49.694775
f7e4ed24-2fc6-47e4-994c-2d901ee21e0b,PROD_031,CAT_03,2,41.68,2025-04-15T19:31:49.533507
dd70739a-8941-4006-9736-829b81ce6d93,PROD_011,CAT_02,5,76.44,2025-04-15T21:51:28.626910
3acb0779-2f62-43e7-9b17-a1854f66db98,PROD_021,CAT_04,5,32.89,2025-04-15T14:37:32.235221
08b52f00-4815-455a-a981-d6e2207623ef,PROD_014,CAT_01,5,164.57,2025-04-15T07:00:48.974386
ca160c0e-ef8d-4a50-84d7-926af3e50934,PROD_053,CAT_04,1,173.37,2025-04-15T02:12:48.380151
648a7060-ffbc-4e73-8625-48bb8b806551,PROD_086,CAT_01,3,50.3,2025-04-15T19:05:14.456260
18c3de9a-6f92-496a-895d-8b090ef8b278,PROD_058,CAT_01,2,168.76,2025-04-15T03:43:52.813017
7cb2c545-55fd-4bb7-8f39-362652c78af6,PROD_049,CAT_02,1,180.97,2025-04-15T22:32:29.121917
77c3e892-6d00-49e5-b607-d26d245343a9,PROD_017,CAT_05,4,82.1,2025-04-15T08:34:12.906349
0ceeb766-4ca5-4d0e-ae87-5a2923bf3195,PROD_007,CAT_05,5,155.03,2025-04-15T20:15:34.543468
79d677e6-d2af-46ea-a81d-e6283e19f9ba,PROD_038,CAT_03,3,46.99,2025-04-15T01:13:44.887128
3a6e503e-d288-47d5-9299-772c01c6ffce,PROD_044,CAT_05,2,146.3,2025-04-15T20:21:09.436244
1c083eee-e421-41b5-827a-b47410d51cc4,PROD_054,CAT_01,1,85.96,2025-04-15T14:15:05.106502
2cfc436b-e641-4b15-bc0a-ad7b9cb8ff1e,PROD_013,CAT_04,3,16.8,2025-04-15T14:10:34.559276
3db0232e-a61c-48d8-b2b3-165a9b4247e1,PROD_027,CAT_02,1,157.68,2025-04-15T10:46:28.257685
746b67a3-c493-4c05-8b63-5c633ac0455a,PROD_058,CAT_01,2,53.58,2025-04-15T19:48:47.382312
97c47cdf-57df-475b-8db5-b112266b5f61,PROD_044,CAT_05,4,119.41,2025-04-15T06:20:54.799598
8d1cd004-eb1d-4b46-8d16-f3ae9c0a26aa,PROD_014,CAT_01,1,18.15,2025-04-15T01:26:17.728832
0fc2494d-ef73-4aa6-b9d8-e99f2356ffcc,PROD_020,CAT_01,1,183.01,2025-04-15T14:49:27.220894
36b3fa30-9598-461d-89b6-160228785cd3,PROD_059,CAT_01,5,127.21,2025-04-15T05:53:03.733959
2a2eb568-c520-4ab3-b96e-919edd7a9907,PROD_067,CAT_05,4,85.67,2025-04-15T12:50:05.652794
b8cc7f6c-36ec-4ee3-a9b5-a8cdfab31769,PROD_036,CAT_05,4,82.66,2025-04-15T02:30:10.962141
bdf902b9-d8e3-4b6c-8aa8-31ac7c40bb93,PROD_048,CAT_03,5,24.52,2025-04-15T00:45:14.366326
c0fefef8-3d08-48e5-be9a-1bdfaa75ffbd,PROD_070,CAT_04,3,42.59,2025-04-15T15:28:30.952461
e17e478e-fc4d-449b-bae1-5386ea3635f0,PROD_019,CAT_05,3,38.94,2025-04-15T12:45:20.786786
d1ec6587-c1f1-4677-9276-870ebea20103,PROD_007,CAT_05,1,34.96,2025-04-15T17:15:02.714450
8fd1a556-4745-47dd-a43e-7da60039161d,PROD_035,CAT_03,3,184.45,2025-04-15T20:20:29.253312
4d37ec4d-4e5d-4b71-ac02-fd11e3507b59,PROD_055,CAT_02,3,95.51,2025-04-15T07:52:10.525571
4ebcdd33-752a-4229-a21e-1853c6af1f81,PROD_055,CAT_02,5,119.92,2025-04-15T17:19:38.650497
8715f81e-bd77-427c-8f56-5d4572477445,PROD_033,CAT_03,3,38.54,2025-04-15T23:45:24.931464
91c13732-4a6b-41a8-b462-491a24225848,PROD_091,CAT_05,3,28.38,2025-04-15T04:54:25.740834
512f0eda-644b-4ed0-89f7-54ce3e4ed9d7,PROD_007,CAT_05,2,148.16,2025-04-15T10:44:01.172347
1e3a07d7-a30a-4b56-b2f5-b81ce8716695,PROD_080,CAT_04,4,26.02,2025-04-15T06:34:26.835335
1085bfee-e757-44c5-a553-cdcf6c85065e,PROD_045,CAT_01,3,175.88,2025-04-15T08:17:00.529995
bc246aa0-5e8f-4b0d-9d9b-57e7d3e85945,PROD_098,CAT_05,1,166.41,2025-04-15T11:24:48.270397
6c9ff604-e3b3-49a6-b4df-17e55aaa6bb6,PROD_082,CAT_05,3,173.5,2025-04-15T06:24:52.919404
e43f0c02-c8f5-4938-b67c-f3fe77233952,PROD_003,CAT_02,3,82.1,2025-04-15T10:10:47.608504
a0e4f05f-5b96-48a7-ba2e-861a16b5f9eb,PROD_081,CAT_04,5,165.93,2025-04-15T18:01:42.391156
bbf3cdcf-f982-4b19-bf11-9ddb2dbf1133,PROD_050,CAT_02,5,47.66,2025-04-15T08:28:58.053824
3e24e7b8-21f9-4680-8c48-a0bfa8de5ed8,PROD_014,CAT_01,2,113.87,2025-04-15T10:38:39.757194
50a57da6-70a1-4691-bd38-a6724776a9d6,PROD_062,CAT_04,3,138.73,2025-04-15T09:11:38.479551
ff8613ad-2cc9-4ceb-992f-48dace6fb29b,PROD_080,CAT_04,4,157.99,2025-04-15T11:23:53.505312
92f68acc-8dba-4672-a096-bf3458f2cd16,PROD_013,CAT_04,2,182.05,2025-04-15T01:22:39.112765
66e93252-e8b1-49cd-8119-81169ba3c469,PROD_010,CAT_02,1,18.75,2025-04-15T12:08:34.764544
9eaad3ce-c48b-4821-b646-15a4ec814661,PROD_095,CAT_03,5,195.66,2025-04-15T15:51:39.289838
bc087acd-f63e-4e5c-a977-938de66c6dda,PROD_075,CAT_04,2,131.3,2025-04-15T14:54:33.925118
dcd54063-8f73-472f-94ca-68f9c2e7e346,PROD_011,CAT_02,1,78.99,2025-04-15T09:15:07.372414
09284788-931e-4b05-af3d-be93a52bd15c,PROD_047,CAT_01,1,176.09,2025-04-15T15:20:29.686469
4b020647-8c9a-4a72-b6f9-2270e53bf6de,PROD_085,CAT_02,1,156.79,2025-04-15T08:54:23.460557
1424effa-094d-4734-a55b-788214f565f8,PROD_016,CAT_03,2,160.57,2025-04-15T00:29:07.421813
823d347b-5705-4060-86b6-b1c29aade9c7,PROD_001,CAT_04,2,105.84,2025-04-15T07:10:20.682364
0417e668-b09c-4a85-aee6-f3a0e6114e4e,PROD_017,CAT_05,4,89.54,2025-04-15T01:56:40.050368
dba3df87-dc9d-46cd-8b97-88d959b85b37,PROD_093,CAT_01,3,165.27,2025-04-15T16:10:54.703977
ad2c746d-cd2a-4c39-8f61-4349c7f3b2f2,PROD_090,CAT_05,1,50.78,2025-04-15T15:54:27.186267
6a674468-2a7a-47e7-8942-c730b66b5564,PROD_057,CAT_04,5,70.18,2025-04-15T12:57:19.862970
36594d09-424e-4bbd-8fc3-3eefa58fca2f,PROD_037,CAT_03,3,192.21,2025-04-15T10:27:21.155046
05ccdaa8-bb8b-46a1-8dca-febe7c38bdb4,PROD_037,CAT_03,4,136.09,2025-04-15T10:18:44.585680
9781466c-4454-42bf-adc2-6361628aa370,PROD_089,CAT_02,1,27.77,2025-04-15T12:16:11.942869
3cfe5d9c-e7d5-4e01-8834-b75dcd3abdd5,PROD_062,CAT_04,2,177.66,2025-04-15T15:37:58.400875
07e8efcd-5b83-4177-b02a-b3f7e5609129,PROD_080,CAT_04,2,129.48,2025-04-15T08:23:19.236997
7555ac1f-6c69-4db0-be67-0be673afe288,PROD_085,CAT_02,4,197.51,2025-04-15T16:05:45.977521
2d99b909-9dc2-47a1-94dc-6bbbb4479b05,PROD_005,CAT_03,1,192.8,2025-04-15T11:19:52.496893
687c3033-7021-466d-8c9d-11231fe363ab,PROD_007,CAT_05,5,183.39,2025-04-15T23:36:54.342048
a049e772-e515-456a-b530-6f229e15ba46,PROD_018,CAT_04,1,196.82,2025-04-15T00:38:16.916777
e6a07554-3f1c-4796-97f4-03b4a70cb937,PROD_006,CAT_05,1,191.35,2025-04-15T21:06:41.522633
6d578aff-ffce-49a8-9fcc-8b661c7610ab,PROD_023,CAT_03,5,33.66,2025-04-15T11:40:30.866112
bfc4221b-249f-44b0-8e03-1de6b2ddcdb7,PROD_099,CAT_04,2,45.06,2025-04-15T10:04:00.912495
b60314af-af24-4e72-82fc-04633847eefb,PROD_010,CAT_02,1,10.91,2025-04-15T09:58:01.367906
ac2e8992-4373-4797-94a0-7bbf67d1bc8a,PROD_083,CAT_02,2,135.38,2025-04-15T20:55:57.969882
c9f76f0b-7ac6-4dbe-8c17-6df8003bb69b,PROD_072,CAT_05,2,63.69,2025-04-15T18:22:54.784219
48fc4f53-069e-4aae-9f0e-39bb564cfe16,PROD_075,CAT_04,1,189.62,2025-04-15T04:10:36.137765
9ce53887-9ddd-4126-b671-78f62754e21f,PROD_067,CAT_05,4,27.06,2025-04-15T12:45:53.698856
de48762d-e7a7-4fd7-b9c1-0c5ac6bf424c,PROD_041,CAT_01,1,126.89,2025-04-15T10:21:24.325197
1eb7dea9-0101-4499-aecb-98af77cb899e,PROD_042,CAT_03,1,68.56,2025-04-15T11:52:24.817711
c0e5dae4-e51b-4480-8c8d-3014890a28a2,PROD_030,CAT_05,3,68.14,2025-04-15T10:06:52.759077
bd718798-d457-4298-b8ad-6f76da64815b,PROD_052,CAT_03,5,82.24,2025-04-15T06:51:36.331490
732ca7e1-a503-4ad2-8f49-7bdadb77e51c,PROD_043,CAT_04,1,73.27,2025-04-15T07:34:42.105964
5e5d8e35-ee91-4120-b71f-0958e75c3545,PROD_082,CAT_05,3,170.37,2025-04-15T14:24:14.746598
8ac1c251-221b-4ee5-b3c6-084fa91d7999,PROD_027,CAT_02,4,100.69,2025-04-15T18:22:55.484778
cb495b4b-d744-435b-aff5-a8b0693aa821,PROD_075,CAT_04,1,174.84,2025-04-15T01:17:16.662319
cb42a8e4-6221-439b-9435-6c5bb9c7fdee,PROD_094,CAT_01,1,164.97,2025-04-15T01:06:41.255477
a941c99f-538e-46be-8096-243dd91ebeed,PROD_078,CAT_02,4,84.36,2025-04-15T14:17:33.667548
7248ba54-9bfb-465e-a620-c6154d51a652,PROD_081,CAT_04,2,155.97,2025-04-15T14:57:24.897317
8bb1b69c-52cc-419e-b30d-395578dd6609,PROD_093,CAT_01,4,49.89,2025-04-15T09:23:30.852571
d2ce4a8e-2354-4632-9499-a540abeeb138,PROD_068,CAT_03,2,133.54,2025-04-15T04:13:52.239672
4ab5bf6f-a5c2-4a75-adf0-6652b0cb66a5,PROD_052,CAT_03,1,192.08,2025-04-15T11:45:51.003463
bf971762-f1db-43c0-aaa5-42ad96987a21,PROD_018,CAT_04,3,170.95,2025-04-15T18:16:23.326932
87887f8d-23bb-4211-b2d9-87aefff6d85f,PROD_088,CAT_05,5,159.54,2025-04-15T02:44:42.209854
5ee048b5-e382-48c5-964d-d5f44a6e8f92,PROD_087,CAT_03,1,61.08,2025-04-15T02:45:36.705343
22f863d3-bf5f-466c-8464-9b40bec15ba9,PROD_006,CAT_05,5,112.5,2025-04-15T23:50:16.035017
5771bc84-298f-4906-82f1-18d61cde9c0c,PROD_025,CAT_05,1,61.25,2025-04-15T06:06:23.762974
533071e1-4ba3-4450-82e6-0fa8f86e9402,PROD_023,CAT_03,3,122.25,2025-04-15T01:24:29.925657
4bb7acba-4a2f-470d-b016-b4be915ec1d5,PROD_016,CAT_03,4,98.85,2025-04-15T05:30:03.770156
29b5145f-1c19-4238-a77c-713eba3af926,PROD_066,CAT_03,1,28.5,2025-04-15T15:04:05.559984
4932bd1c-d5a0-4d33-8100-308853f8cee0,PROD_041,CAT_01,4,168.23,2025-04-15T10:09:57.222468
ecaa2c7a-5441-4a99-8c46-a6d15d3f4a27,PROD_063,CAT_03,4,190.85,2025-04-15T20:41:40.808792
d358e170-1391-4b24-8efb-599ff1c69be7,PROD_079,CAT_02,3,125.93,2025-04-15T15:06:52.528827
8274cf0b-dae7-4f65-8f51-14b92739e25d,PROD_037,CAT_03,3,199.45,2025-04-15T19:27:48.134721
f9f09367-9463-4053-8700-affc3e3ab1aa,PROD_036,CAT_05,3,67.99,2025-04-15T21:00:08.501394
fed1d334-f6be-4ee5-9869-ca0073f34dc4,PROD_061,CAT_02,3,154.77,2025-04-15T02:52:38.265727
2de05e68-6671-4a95-97cb-9eba195137d2,PROD_082,CAT_05,5,131.96,2025-04-15T11:29:12.607148
4f9ddd29-cc5c-4ccb-9c62-b9336239204b,PROD_060,CAT_05,3,78.9,2025-04-15T12:08:03.845581
88f2dbd2-bd9a-45a5-96d5-4a2d2bf5c445,PROD_049,CAT_02,3,192.19,2025-04-15T20:52:39.748783
771de229-a175-4ce8-a9a4-26543d70354f,PROD_012,CAT_02,3,119.67,2025-04-15T15:58:55.717123
18bf4e72-5ca5-4b3e-a180-ee89037df451,PROD_019,CAT_05,2,130.92,2025-04-15T11:47:37.708721
6cf1d446-93b2-4e60-8315-086fb24da35c,PROD_004,CAT_04,3,25.25,2025-04-15T22:18:55.502375
6c0cccc4-8207-44e3-a630-eaa103eebdae,PROD_046,CAT_01,5,13.91,2025-04-15T04:24:38.734804
10405e29-bca9-4c63-a1d5-42f8bae16a7d,PROD_093,CAT_01,2,44.62,2025-04-15T21:40:46.768834
e09a05e4-9945-47ee-a8c4-165c64f5936e,PROD_028,CAT_03,5,57.67,2025-04-15T09:50:06.136837
9957ebbb-0020-4f85-a79a-bdc11b601d35,PROD_051,CAT_04,1,191.79,2025-04-15T01:18:38.111321
5e10ca15-2d6c-4888-aa90-73e77f53e308,PROD_038,CAT_03,4,47.33,2025-04-15T05:10:26.293346
723d70b5-c6db-4e3a-b281-bb0d2e381e57,PROD_085,CAT_02,2,111.05,2025-04-15T06:37:50.640149
910d0d22-29b6-4cdb-9f1e-36aa72d7f461,PROD_095,CAT_03,5,98.07,2025-04-15T22:28:56.666780
1ca8e6cb-926f-4180-87ba-b34db4f6c254,PROD_062,CAT_04,4,173.19,2025-04-15T04:22:16.803030
38df0c8d-cc74-41ca-becb-b61252a2a403,PROD_051,CAT_04,4,93.87,2025-04-15T15:32:09.465288
c2bcd238-4989-490a-996d-5b93f0bb7dd7,PROD_097,CAT_03,4,45.35,2025-04-15T09:40:29.428609
d0858980-1cdd-4ca8-b4cb-901dea22bf26,PROD_044,CAT_05,3,75.85,2025-04-15T04:47:19.944852
880fb6e8-acf9-4a17-ba0a-d6411bfff059,PROD_083,CAT_02,4,150.52,2025-04-15T03:38:42.677612
2b8414ef-e51c-43e7-82e0-99e2dbe22dc0,PROD_019,CAT_05,5,191.88,2025-04-15T01:55:27.471321
220e8bd6-4b7a-4c2e-8999-a504604e2546,PROD_096,CAT_01,2,36.3,2025-04-15T05:53:50.832583
606da1a4-3d15-4a99-ad31-a38257d134f6,PROD_041,CAT_01,5,57.25,2025-04-15T19:09:26.171253
833c6a1e-46e6-4567-a637-25dc4ce9173c,PROD_026,CAT_01,3,106.72,2025-04-15T23:17:40.655521
b1ca1f90-e013-49a3-b978-aaca7fdc26cb,PROD_091,CAT_05,5,170.31,2025-04-15T08:17:05.768370
3161d81e-3fc0-4a86-8c29-2da8356993b7,PROD_065,CAT_03,3,79.04,2025-04-15T17:43:12.548155
8c92a5e3-f39c-4d4b-96b2-39527f02ee61,PROD_001,CAT_04,4,106.71,2025-04-15T12:16:02.399227
65327a8a-3675-444d-b37d-5f298d144ffe,PROD_016,CAT_03,1,98.43,2025-04-15T01:43:23.618292
f6fdea51-19cd-41b8-ad4d-64176788e52a,PROD_036,CAT_05,2,130.53,2025-04-15T10:28:18.509430
ce6465c9-aebb-4503-bc4d-1e9da793550d,PROD_015,CAT_04,3,167.77,2025-04-15T18:46:44.867195
aac34e4f-ce46-4506-928c-3e0080f2a6b9,PROD_037,CAT_03,3,18.14,2025-04-15T12:57:10.445380
d5efb6ef-b29c-41df-b864-70d99e970051,PROD_010,CAT_02,3,132.64,2025-04-15T07:42:14.186755
6446281e-fd4a-484c-b148-afe363f1ee7d,PROD_044,CAT_05,4,184.28,2025-04-15T19:12:03.618145
cbf19810-f3c7-4f3f-b209-3f08f687ba02,PROD_014,CAT_01,3,191.16,2025-04-15T04:06:23.993416
e0c58ef7-4cd6-45a4-801c-801a9e09529c,PROD_081,CAT_04,2,30.1,2025-04-15T10:36:50.518750
4b5c6b95-2018-418c-8c2d-a9dedeea7de1,PROD_093,CAT_01,3,44.83,2025-04-15T22:53:09.325337
7f793d36-338d-4607-881b-cc091b0ab361,PROD_009,CAT_04,3,66.61,2025-04-15T00:48:02.633721
11fa5119-1c5e-4642-88f3-4b4f81deae84,PROD_027,CAT_02,3,144.45,2025-04-15T20:10:09.809580
1a3c6316-e027-4b55-8cca-9b5217f78842,PROD_005,CAT_03,1,144.64,2025-04-15T19:46:13.795685
155667dc-8a90-4458-afed-77373d559798,PROD_083,CAT_02,1,21.43,2025-04-15T13:15:43.295819
85e0c3b6-4a37-4e91-9198-e7c103844b19,PROD_050,CAT_02,4,89.25,2025-04-15T23:55:26.647078
d4cf47a1-d520-497e-bb03-81564dacb31b,PROD_074,CAT_04,4,163.46,2025-04-15T06:27:07.667569
a2016b8f-5983-4683-8211-84afa0616a9e,PROD_003,CAT_02,2,142.48,2025-04-15T22:14:07.813201
2a11fb7b-9839-4f36-8048-8affac94ae24,PROD_044,CAT_05,2,88.09,2025-04-15T23:39:41.161990
580302f5-4f21-4e54-bccf-a7171e94ceaa,PROD_052,CAT_03,5,51.63,2025-04-15T06:53:47.422374
64b313d5-eecc-4e91-b7d0-eca839fd5ada,PROD_058,CAT_01,5,135.76,2025-04-15T15:27:13.910461
14dc7362-68c9-4fc5-a9a0-0404ce97a718,PROD_081,CAT_04,5,114.34,2025-04-15T05:06:59.517653
8db0345e-5b7b-4f5f-84fa-1d91b5b218ab,PROD_089,CAT_02,4,62.83,2025-04-15T10:39:07.899640
f4968f77-add4-4593-88ad-7f91750c1654,PROD_086,CAT_01,4,121.36,2025-04-15T00:01:39.316353
1224ecaa-1f00-4cc0-9ae3-8c3dc3969668,PROD_054,CAT_01,3,35.51,2025-04-15T22:48:47.533543
6cf35415-e85b-4e95-96ff-565db0485d4f,PROD_079,CAT_02,1,183.83,2025-04-15T00:22:49.893527
edfafb64-1f77-499d-bb36-297ef9944c8d,PROD_047,CAT_01,5,166.24,2025-04-15T06:33:25.932954
e4942e76-bbd1-4a26-b8fe-9fae2e4beb01,PROD_044,CAT_05,3,143.26,2025-04-15T05:37:19.837206
3c6fc3ac-8ca8-44aa-bc29-da8e91cf56f1,PROD_013,CAT_04,2,156.64,2025-04-15T23:06:49.114075
a6530d2e-0a95-4972-9522-5329de7ea6b1,PROD_067,CAT_05,3,29.51,2025-04-15T03:57:55.768123
2807da18-5dac-4147-863f-268870af51a3,PROD_068,CAT_03,5,148.66,2025-04-15T00:51:16.779563
83f3ca4c-9a42-4348-a27f-e81c116b8827,PROD_053,CAT_04,3,30.7,2025-04-15T14:22:44.861775
5f6c06fa-4372-4746-8e8b-21c2d0d7b604,PROD_083,CAT_02,2,39.65,2025-04-15T05:48:40.807954
9b839cdf-63a1-4c0f-9f4d-2a9a3ead8690,PROD_046,CAT_01,4,59.68,2025-04-15T17:50:54.740536
f7b78401-5b39-403d-8a03-606bb3bd918c,PROD_026,CAT_01,3,39.02,2025-04-15T06:09:51.247661
61a76ae1-7c12-45ef-bdad-ec213041019b,PROD_022,CAT_05,4,83.36,2025-04-15T08:43:01.824450
183c22f3-a7bb-4fd6-877a-f03b8d57a20c,PROD_091,CAT_05,2,82.73,2025-04-15T02:38:33.341127
628983b4-776b-48f8-abdf-aa5b9f3a979c,PROD_089,CAT_02,5,54.98,2025-04-15T19:40:09.657072
d56893f6-27b7-40d8-b9e1-22e8c653d22d,PROD_050,CAT_02,1,176.89,2025-04-15T11:42:54.732569
8ee9b545-4ac5-4c57-972d-eac93edcb632,PROD_043,CAT_04,2,164.06,2025-04-15T13:21:32.303687
fc7fd3c4-8aff-400c-8544-671e4603ed10,PROD_012,CAT_02,5,161.09,2025-04-15T04:28:40.679122
ae73b4bb-71ce-4132-9228-27d1f555c92e,PROD_008,CAT_01,1,145.6,2025-04-15T10:48:47.789270
dd59daa5-3058-4eba-a35c-cfbb6bb82b0e,PROD_037,CAT_03,4,50.53,2025-04-15T22:14:28.989494
c06ffed8-1f42-4a37-8668-f23eaaf7614d,PROD_093,CAT_01,4,125.59,2025-04-15T00:12:08.299693
28748ffc-1594-4ee6-9ec2-0551f8236b47,PROD_080,CAT_04,2,115.27,2025-04-15T12:05:21.795112
d72a684f-8a02-4b4c-9473-9ec7d664e8c1,PROD_038,CAT_03,3,147.21,2025-04-15T06:44:50.328813
d5db86c7-0b6c-4a90-b810-fdf9523895d6,PROD_038,CAT_03,2,27.44,2025-04-15T02:47:47.522890
4f372b5a-79a5-4c60-89b3-df512b1c309f,PROD_015,CAT_04,1,194.27,2025-04-15T12:06:37.410130
80ed0336-9e54-4433-8f87-87e64b8430dc,PROD_046,CAT_01,5,23.92,2025-04-15T19:25:50.073447
eb0802f1-ac0d-4c83-a0df-8309e35574ab,PROD_083,CAT_02,4,171.69,2025-04-15T08:27:10.061927
e2f8d1d4-59f4-47f4-8e4b-188d9498d0bc,PROD_069,CAT_05,2,162.96,2025-04-15T13:35:46.858514
2878fe49-1b59-4a23-800b-f85f8b612ce6,PROD_026,CAT_01,4,143.68,2025-04-15T21:40:26.010270
a0daa346-e3cf-4d7a-a42b-d39eb07563f9,PROD_051,CAT_04,3,41.67,2025-04-15T21:22:41.017626
65b42884-3b4c-4ffe-af33-59481fad962b,PROD_097,CAT_03,4,102.8,2025-04-15T17:23:26.242627
041682cb-9246-4041-acf0-1e05326cb04c,PROD_077,CAT_04,5,81.1,2025-04-15T22:08:31.883885
f14172b5-feab-4258-9938-713a4b2a7698,PROD_039,CAT_04,5,187.06,2025-04-15T09:56:28.641065
2de5ef6a-4f6e-469a-92ee-3f0f733e536e,PROD_088,CAT_05,2,154.95,2025-04-15T23:36:46.870895
04263a74-7768-4234-8c73-26e73b0ee37e,PROD_084,CAT_03,5,36.58,2025-04-15T01:01:26.643344
f5c32b4b-1c49-442b-940c-cf6ae8d2de8a,PROD_014,CAT_01,1,59.66,2025-04-15T12:02:28.434899
99866f66-248a-4135-a751-374b89d26b96,PROD_024,CAT_04,2,197.47,2025-04-15T07:29:46.190446
b7991bd3-544b-4835-9c37-587c1d77d218,PROD_076,CAT_03,1,147.55,2025-04-15T16:48:04.212309
91e1f6de-2c35-4f13-bfd4-9629aa60eb35,PROD_093,CAT_01,5,52.37,2025-04-15T14:53:38.190997
761642d1-ba80-473b-84c8-cc3cfb16ea67,PROD_074,CAT_04,3,37.37,2025-04-15T19:59:38.435819
8ff87a14-1dd0-4888-95d2-785cdc12ae0c,PROD_093,CAT_01,3,67.28,2025-04-15T10:11:03.136814
108d2d84-24e8-4474-bda7-bb16b6d8f4d7,PROD_010,CAT_02,3,121.18,2025-04-15T07:12:17.571031
8314a6a4-73ef-4732-b250-a6d9b2e4006a,PROD_008,CAT_01,1,15.84,2025-04-15T20:58:23.905856
0961331c-e153-47fc-85d3-d56d37fe8e26,PROD_054,CAT_01,1,46.85,2025-04-15T19:59:47.259447
b65f36f3-b37e-4f09-84bc-8f72ec5031c1,PROD_055,CAT_02,4,198.8,2025-04-15T20:55:46.823957
9b2ccbbc-35dc-41ce-a594-cba4221daa28,PROD_087,CAT_03,3,84.14,2025-04-15T22:11:28.546043
3041bb45-35eb-4692-b8a0-56f64970f116,PROD_046,CAT_01,3,12.61,2025-04-15T14:17:17.363102
9a92f30e-c235-40a7-bfb1-0e5877c420d0,PROD_028,CAT_03,3,198.14,2025-04-15T07:11:20.315378
3f85b2e7-2443-46c0-a772-ac95078f64a9,PROD_080,CAT_04,2,191.58,2025-04-15T16:06:35.515822
8b7a2b22-06dc-4b21-b43b-b6a42e2a3df2,PROD_058,CAT_01,2,105.12,2025-04-15T06:28:31.790711
0e6914d5-eb71-4800-95d1-4d1797275e88,PROD_078,CAT_02,4,148.88,2025-04-15T15:34:21.976262
241fa913-62de-49d7-806c-121d96afcfc1,PROD_064,CAT_04,5,172.3,2025-04-15T05:59:56.714216
1bdd3ef8-4d4b-4c9c-af71-956ac72851a6,PROD_047,CAT_01,5,30.53,2025-04-15T10:01:31.113665
fcb7a568-35d2-413c-8371-5cf0106f3897,PROD_074,CAT_04,1,160.74,2025-04-15T22:06:38.051731
b4a1a3f5-3d5f-469c-bf4b-9eb1eaf317f3,PROD_041,CAT_01,3,130.62,2025-04-15T01:08:21.168853
908b7093-67a1-449a-b622-dd56451a6a8b,PROD_083,CAT_02,2,165.11,2025-04-15T05:13:28.109987
c6f9166b-3c10-4354-b689-4fd330657693,PROD_032,CAT_03,5,82.0,2025-04-15T10:44:08.980456
d08d1166-a0fd-4d45-9289-7d259f1eddd3,PROD_050,CAT_02,4,94.48,2025-04-15T08:42:42.999307
d1943153-6544-4af1-9865-f1fa3373bd77,PROD_026,CAT_01,4,166.7,2025-04-15T04:50:21.184082
b36e35cc-dc28-44d3-93ac-031b58ff9037,PROD_016,CAT_03,3,58.76,2025-04-15T12:15:18.550535
c0bcce90-cb4e-40fa-8fd5-9725ce03908d,PROD_094,CAT_01,4,78.42,2025-04-15T15:06:38.726339
011d2029-eea1-4344-9468-5f5098b43ab9,PROD_020,CAT_01,3,98.03,2025-04-15T19:22:01.418448
b6f9e9de-e35d-4917-b619-8f3a60d2d8e7,PROD_049,CAT_02,1,31.96,2025-04-15T19:32:59.741767
41e20946-7801-49e0-9bce-c65dfe3128ac,PROD_067,CAT_05,4,60.2,2025-04-15T09:13:35.350578
351d219c-8382-43c1-9e88-463bd2b9fc50,PROD_026,CAT_01,1,169.49,2025-04-15T02:11:51.517267
0b082867-7335-46bb-888e-b3ec63d6e670,PROD_049,CAT_02,3,144.17,2025-04-15T18:59:54.679981
3c36af5f-66dc-41bb-9565-06224a72ea53,PROD_085,CAT_02,1,164.68,2025-04-15T17:48:17.515623
3f792479-47fd-4e4f-b1e3-19ca3cb5f765,PROD_037,CAT_03,1,151.83,2025-04-15T17:37:52.444354
e9588aec-c4a7-4c1d-91de-fc7ecd35470e,PROD_084,CAT_03,4,158.86,2025-04-15T02:02:16.986412
26624f30-53ab-49f0-af16-8725c5a83dd7,PROD_013,CAT_04,3,74.91,2025-04-15T18:32:33.537864
a62b929b-ae69-420a-90d7-e9d800945e3f,PROD_032,CAT_03,5,127.89,2025-04-15T01:33:01.555308
0f666689-09a3-4cc0-8791-bda78c0550a2,PROD_014,CAT_01,2,191.87,2025-04-15T05:11:39.271391
b503dfad-3855-44af-989c-33603eae8b39,PROD_071,CAT_03,5,138.16,2025-04-15T16:50:08.281937
f6076122-77f7-44b2-ad2c-127a30e4f38c,PROD_022,CAT_05,3,98.92,2025-04-15T10:37:12.089438
58938404-0700-4665-8b7f-980492a64182,PROD_031,CAT_03,3,50.46,2025-04-15T14:50:20.447167
23715cf5-7800-4172-9ed5-7d19fbc156a1,PROD_021,CAT_04,3,14.69,2025-04-15T10:52:13.395397
601c9b02-5756-431a-a46f-4df53909b2d4,PROD_040,CAT_01,5,126.46,2025-04-15T11:26:55.919879
c4393e37-37b5-4679-bc94-bcdf252bf580,PROD_043,CAT_04,2,49.05,2025-04-15T13:29:52.170469
48fc116d-a2e7-4854-8fdd-73112772c4ff,PROD_031,CAT_03,1,146.33,2025-04-15T04:44:02.542007
070db419-5d06-49ff-95a0-54e38750fd78,PROD_040,CAT_01,2,74.14,2025-04-15T10:50:31.892150
3363e6ac-dabe-42a8-bb81-136fa6862429,PROD_088,CAT_05,5,137.78,2025-04-15T02:43:59.682151
0f23c0c4-d8a5-49a8-aa77-fffcaf4cc992,PROD_036,CAT_05,2,100.54,2025-04-15T17:33:08.394285
79865460-662b-42d1-b552-206d3eb8f775,PROD_037,CAT_03,3,75.89,2025-04-15T21:10:05.076866
49a7da83-ec7f-4be7-a191-71c8480f05f3,PROD_067,CAT_05,2,187.34,2025-04-15T11:50:33.539521
850b041d-559d-4c23-8892-94cefdcf3d7e,PROD_020,CAT_01,5,147.69,2025-04-15T21:00:53.316689
1cc1243d-4d44-472d-bf74-d4e73cc7ffcb,PROD_091,CAT_05,4,20.75,2025-04-15T11:48:24.551216
d2e252f8-8cb9-4802-a735-7444c19d5ef7,PROD_054,CAT_01,3,10.71,2025-04-15T20:16:27.767375
7210a975-5657-4564-8f27-cea6c659cc9d,PROD_097,CAT_03,2,141.5,2025-04-15T15:12:10.007033
86d9f05a-6df1-45cb-bb24-eca113e6261f,PROD_074,CAT_04,4,62.23,2025-04-15T16:23:38.191347
a5971f82-6cdb-455f-9d51-d963f2fbdb2c,PROD_082,CAT_05,5,155.05,2025-04-15T18:00:23.740925
c253b1fc-9beb-42f3-8318-ecceba3c1959,PROD_071,CAT_03,2,62.36,2025-04-15T15:08:54.246000
0a84a855-1b40-48c3-a285-0e68a8b431da,PROD_010,CAT_02,2,106.9,2025-04-15T18:41:41.248239
78e3e645-4ebe-4777-930c-77aa719429cb,PROD_057,CAT_04,3,71.34,2025-04-15T10:03:24.706948
644ad176-927a-4ba1-ade5-e8b8513508d0,PROD_079,CAT_02,4,48.7,2025-04-15T13:33:21.996179
e7fa58d8-29ee-4b59-8782-82745212a246,PROD_026,CAT_01,2,10.97,2025-04-15T08:27:11.557240
efbe5407-84e1-45ff-9e55-4349cf7fe514,PROD_087,CAT_03,5,88.1,2025-04-15T09:45:14.544649
18298453-49a9-45f4-8d15-2dccf7169080,PROD_077,CAT_04,5,27.92,2025-04-15T04:31:01.254608
d8c214dc-5677-4a80-be6d-f591b098d082,PROD_039,CAT_04,4,34.55,2025-04-15T18:59:37.978111
e4888bbd-6369-4af2-ad2f-8a1efde86af6,PROD_084,CAT_03,3,13.55,2025-04-15T07:49:03.186270
72f06b71-48f4-4de3-87a6-823d53cb329a,PROD_012,CAT_02,4,144.26,2025-04-15T20:34:04.258495
b3468201-94ff-44d7-b2aa-beb950e16494,PROD_053,CAT_04,4,116.4,2025-04-15T12:35:34.380935
1572b5b2-de59-426d-a7b4-382e4dc63bad,PROD_017,CAT_05,1,109.16,2025-04-15T23:58:34.622613
4d7a2689-be08-481e-9ba5-a45a32c653a4,PROD_041,CAT_01,2,41.47,2025-04-15T22:23:54.201461
1c4f52bd-1842-4795-9e82-eb5793245027,PROD_024,CAT_04,5,154.64,2025-04-15T10:45:29.298984
e8157cb2-673a-4a85-b0a3-34ef3c9ecbbe,PROD_084,CAT_03,1,53.6,2025-04-15T13:57:30.348043
fd143f76-275c-4b79-a449-19466ec9841b,PROD_055,CAT_02,2,25.44,2025-04-15T03:53:19.086709
d3722bdd-5497-4f8a-a23e-75f96453caa7,PROD_080,CAT_04,2,66.13,2025-04-15T05:38:21.353940
388e6712-4f83-43ad-9122-4a33c96090cd,PROD_056,CAT_03,2,153.5,2025-04-15T06:55:48.727496
63da494f-1806-4111-9537-66485f548284,PROD_049,CAT_02,5,106.13,2025-04-15T08:48:00.288240
f2b6f962-c720-4ace-84ec-6fd081335477,PROD_051,CAT_04,4,69.49,2025-04-15T13:12:25.073381
305b7932-b0cc-4db7-bbfa-f3721a3edf07,PROD_009,CAT_04,5,20.61,2025-04-15T20:23:44.723682
ff795a06-1c24-4f33-84d9-ff5abd1714ba,PROD_003,CAT_02,5,94.42,2025-04-15T01:15:53.064755
8d1cb54d-5aa6-4226-9e39-821496f1fbe7,PROD_091,CAT_05,5,142.88,2025-04-15T08:14:06.430174
42e1316b-1a3c-472d-8908-7c414144617e,PROD_088,CAT_05,1,200.34,2025-04-15T13:37:24.068879
851e06cb-815d-447c-9ac0-d8018d5931e5,PROD_045,CAT_01,5,167.48,2025-04-15T17:24:46.143474
91285ce1-4f92-4def-ac3e-cce9029d7b91,PROD_035,CAT_03,2,20.97,2025-04-15T07:36:34.479702
f1ddf911-e831-4938-92eb-7dd26b02f8af,PROD_071,CAT_03,1,69.39,2025-04-15T23:52:09.948818
4a272abd-700d-46a9-9a85-b82586040157,PROD_080,CAT_04,2,167.81,2025-04-15T22:18:07.365616
45498537-00aa-4e25-a2e9-50006b869294,PROD_010,CAT_02,5,67.38,2025-04-15T07:30:46.288952
2b8803e5-bf0e-419d-add9-9979d9ba1248,PROD_016,CAT_03,1,84.79,2025-04-15T19:40:07.170045
fe81a9f2-b16b-4aa5-af7c-445f93ccb03c,PROD_021,CAT_04,5,57.5,2025-04-15T13:30:43.497970
36a5e70f-edca-487d-a6f3-3112fec9ecbd,PROD_062,CAT_04,4,111.24,2025-04-15T17:44:42.755926
c934103f-639c-4eb2-90bc-05cb3d0f0233,PROD_018,CAT_04,1,99.05,2025-04-15T09:47:57.678646
0c24abd4-5272-4c7e-8b27-cc88447053f6,PROD_017,CAT_05,1,100.21,2025-04-15T19:14:34.860374
5adc9e48-a5e2-4f02-9435-6b5f9583594b,PROD_071,CAT_03,3,22.73,2025-04-15T08:49:11.692629
79ffecdc-815b-4467-b2f6-4974d2d5f711,PROD_061,CAT_02,2,67.52,2025-04-15T13:44:45.558763
56aa9963-48b5-475c-bc82-42357d17e1bb,PROD_086,CAT_01,5,17.27,2025-04-15T01:28:03.902721
d37a06e1-f8e4-479d-9d35-c609b69779a0,PROD_093,CAT_01,5,13.21,2025-04-15T23:08:08.600841
06893b93-2770-4742-ad1f-90bfd087984f,PROD_080,CAT_04,4,87.13,2025-04-15T20:52:08.497457
59dbec8b-b326-4f87-a2e9-14317030927a,PROD_075,CAT_04,2,154.26,2025-04-15T19:28:09.234982
180435e0-6f76-4661-abf7-7915e3e7d42f,PROD_043,CAT_04,1,125.55,2025-04-15T15:20:03.459143
bd281685-2ba4-4ca8-bcb6-a767f8fa0e8d,PROD_084,CAT_03,1,76.88,2025-04-15T00:13:31.584886
6dbe71cf-9d6c-4203-a6f0-cfddca740f7b,PROD_093,CAT_01,1,131.62,2025-04-15T01:07:31.714767
723ad0d4-c842-4fff-9e7c-fb229101d77f,PROD_081,CAT_04,4,91.12,2025-04-15T08:12:04.644383
52113673-1eb9-4a34-82d5-bfbe033298c9,PROD_064,CAT_04,1,160.73,2025-04-15T14:07:40.149052
b096beed-e013-4e7c-bd6c-ea17a706ad5c,PROD_082,CAT_05,1,94.55,2025-04-15T22:03:38.512725
8f625d2d-863a-4623-9f0f-97114b15adec,PROD_058,CAT_01,1,64.93,2025-04-15T15:25:42.471433
d1234142-a7da-49e3-a7f7-d6a5ebd6d63d,PROD_078,CAT_02,4,26.6,2025-04-15T17:35:01.224168
bed1ecdc-b128-45b0-82d4-9cf6a9c437c8,PROD_004,CAT_04,3,150.05,2025-04-15T00:53:40.179020
d9700fe5-76ec-4370-a6fc-3d11a7ddf6e7,PROD_095,CAT_03,3,22.4,2025-04-15T09:07:47.476105
314c854f-0555-40f8-9980-f5de8fa69a94,PROD_080,CAT_04,3,106.11,2025-04-15T09:18:30.100532
889e2dd2-1c77-4b7d-949f-fc04d679bf78,PROD_079,CAT_02,1,63.99,2025-04-15T17:36:18.776140
1cb1ad18-6ffa-4210-8e04-05bc4dd8784b,PROD_014,CAT_01,4,63.82,2025-04-15T20:45:33.294324
311ce35d-531e-4ea6-aacf-15daedbb7b84,PROD_022,CAT_05,1,53.64,2025-04-15T10:11:03.487891
59c76f2e-8c9c-4fa2-93a2-f86b99c93dda,PROD_080,CAT_04,1,160.76,2025-04-15T20:39:23.812203
d8cf5abe-24ed-4ba4-865b-facbc20cf7db,PROD_078,CAT_02,2,49.33,2025-04-15T21:56:06.213783
6b9df017-c4bd-4144-aa7d-10580c9eb920,PROD_068,CAT_03,4,23.62,2025-04-15T00:27:36.461222
4058521d-eed7-4e90-a919-55789552bb73,PROD_027,CAT_02,1,159.91,2025-04-15T23:12:13.592574
54666c8f-dd35-4d5e-937b-4c8a82181e5c,PROD_098,CAT_05,2,105.8,2025-04-15T02:21:45.418681
9164b807-cd60-46ec-93fe-9ef5135acdf4,PROD_051,CAT_04,2,40.45,2025-04-15T05:41:29.245366
1ff746b6-be94-42cf-ba43-311e3302f89d,PROD_067,CAT_05,4,103.84,2025-04-15T01:16:45.527868
f55eeedb-95af-4172-a75b-bd210fadec49,PROD_001,CAT_04,1,35.15,2025-04-15T14:48:21.279343
024edb8d-5d1a-4f94-8176-f7545c999ee8,PROD_074,CAT_04,1,166.8,2025-04-15T07:39:08.721365
855e1aed-4841-4c3c-a508-9184435feeb9,PROD_093,CAT_01,3,30.37,2025-04-15T10:33:26.331066
55d80bd9-d1a1-48ee-bec1-3adf9e2106fd,PROD_094,CAT_01,3,129.67,2025-04-15T03:55:09.618447
891a6465-0414-4483-b166-4af1cbb1ac2e,PROD_071,CAT_03,3,69.1,2025-04-15T05:25:54.753359
29a328c2-cd5f-4933-bae2-eadcee9e7a2e,PROD_032,CAT_03,5,96.73,2025-04-15T11:56:15.856075
f6ef5889-243e-4b0e-8ce2-0219d8505805,PROD_099,CAT_04,4,172.19,2025-04-15T20:27:32.815419
b4b3a604-fb1e-44b4-8633-a3bfd723f57a,PROD_077,CAT_04,3,126.96,2025-04-15T04:56:58.730850
66424cbe-00ec-4428-b921-aef477d2d05e,PROD_016,CAT_03,2,32.3,2025-04-15T20:09:46.868440
e999673e-3dce-40fd-85f6-0e111be623cf,PROD_046,CAT_01,2,128.83,2025-04-15T18:12:38.450765
49805997-24fd-4413-afe9-f63834295b46,PROD_071,CAT_03,2,30.97,2025-04-15T18:01:38.744004
7bae0b9c-63c1-461e-a2ce-8f7f62cfe6de,PROD_087,CAT_03,4,142.72,2025-04-15T04:04:37.846164
e1f5b4df-ad4a-4d56-aa78-7a27f46f7767,PROD_059,CAT_01,3,161.1,2025-04-15T08:00:17.550314
e68341a9-9e66-42b9-a736-d76c4b525167,PROD_082,CAT_05,5,164.32,2025-04-15T22:00:24.779710
3913d222-bb7c-4fb6-9063-4c4570f2fe09,PROD_052,CAT_03,2,138.11,2025-04-15T20:27:55.310768
6192679d-7580-4870-bc89-8f97e0cf6d75,PROD_066,CAT_03,5,172.59,2025-04-15T13:41:39.823321
0555fcaf-be1b-4f54-9324-baf49b035af9,PROD_089,CAT_02,2,148.99,2025-04-15T20:11:38.339815
6aee700c-fb95-4730-8058-88d0a4774654,PROD_012,CAT_02,5,96.72,2025-04-15T12:32:37.852334
0c353e8b-29a8-4657-8eff-382c73826581,PROD_095,CAT_03,3,53.45,2025-04-15T14:06:54.653229
6973603a-ae55-4704-a5de-af8d5476a248,PROD_041,CAT_01,4,179.82,2025-04-15T00:50:33.012902
31f06ac8-a2b3-4576-a821-2ff9bf99a656,PROD_017,CAT_05,3,81.29,2025-04-15T06:41:41.154784
818d1844-e186-433c-8c2c-aeba6f458e7f,PROD_066,CAT_03,5,122.88,2025-04-15T09:58:15.569731
3ac2e89b-9a34-4146-941d-2ee37a086d0d,PROD_058,CAT_01,5,30.52,2025-04-15T06:32:55.541580
56f52871-d272-4fb2-80ef-a9380c5a0db6,PROD_001,CAT_04,2,110.98,2025-04-15T05:13:56.419036
0af82a29-98b3-4870-8fa7-6db0ede1ac3d,PROD_023,CAT_03,1,93.42,2025-04-15T07:36:03.746842
aa8bb043-1565-4bff-9564-bc341ce495e4,PROD_024,CAT_04,4,135.65,2025-04-15T08:35:05.545773
f8c5d792-bb2c-4760-ab64-046e1c2aa4f3,PROD_051,CAT_04,5,164.94,2025-04-15T05:00:06.811301
bd373691-861c-41ea-9470-23f5c80c9380,PROD_055,CAT_02,5,157.16,2025-04-15T19:15:24.013122
686f8494-b1c2-4ed3-81ef-3f82c5a91c30,PROD_050,CAT_02,4,166.89,2025-04-15T12:19:21.467155
46c3848c-49cf-466c-9e27-d366795973c9,PROD_070,CAT_04,3,75.3,2025-04-15T14:31:46.001993
2e287391-e4bb-4117-8791-87cda49871fe,PROD_006,CAT_05,4,49.44,2025-04-15T06:09:46.627056
26883c58-852d-4331-9ada-840e597ecb89,PROD_065,CAT_03,3,16.87,2025-04-15T05:26:03.674379
2760d742-83ac-4017-a2e0-98049def7f68,PROD_020,CAT_01,5,112.44,2025-04-15T16:11:10.856231
0c01a4d5-852b-4c9e-b047-b68fcf9f0bcd,PROD_029,CAT_04,4,58.5,2025-04-15T06:38:57.449516
3c69ecc5-ad4a-48db-98b0-877f1e8d4c11,PROD_005,CAT_03,3,11.83,2025-04-15T19:44:28.283472
389ea95a-5b21-4c81-8881-70b8414e51d3,PROD_065,CAT_03,5,111.17,2025-04-15T09:35:17.747507
09bb1474-d841-40df-b5d9-b6a22c932610,PROD_077,CAT_04,1,122.26,2025-04-15T07:53:13.328974
e9cebd4c-9abb-4153-af2f-f7f30c3fddff,PROD_018,CAT_04,4,186.76,2025-04-15T18:47:52.817532
59860b89-b020-4061-915b-63ee31af7f99,PROD_010,CAT_02,2,123.37,2025-04-15T05:45:00.703188
ea96fd7f-17b6-4949-ab3a-641fa936c584,PROD_079,CAT_02,4,131.7,2025-04-15T09:24:16.800926
a29a2503-3b2c-4be1-b1b1-d42ab7f1f783,PROD_036,CAT_05,2,80.55,2025-04-15T11:50:01.975710
ae0f0f48-8c96-44ae-b3a1-cb5b40a357eb,PROD_099,CAT_04,5,112.23,2025-04-15T17:00:04.740517
73680ccd-e624-446f-a97b-6fe9679a4acc,PROD_068,CAT_03,2,39.2,2025-04-15T14:46:09.627917
af18a1e7-099a-47bf-b58d-a2f9e39d1b18,PROD_028,CAT_03,2,167.83,2025-04-15T08:01:55.618318
91e922a7-03da-4c7d-a099-049862c3a3f4,PROD_070,CAT_04,3,93.11,2025-04-15T07:38:40.015945
c1774899-da71-4e19-ae8c-2adfe28f4299,PROD_063,CAT_03,3,42.74,2025-04-15T15:59:21.499413
c96dba14-7ffe-4eb9-b57a-cbd4d531cc44,PROD_086,CAT_01,1,29.25,2025-04-15T18:38:02.815342
c0349bd5-7cbb-4ee2-9a3a-ef4a2b1372c8,PROD_024,CAT_04,3,160.48,2025-04-15T03:22:57.687719
10b454ed-549f-43f8-9b46-b5a28149d823,PROD_090,CAT_05,3,134.81,2025-04-15T08:20:07.321791
948ee61c-94b0-4e84-a55c-4f5d87ae74ec,PROD_078,CAT_02,2,110.23,2025-04-15T05:15:51.358748
7d532c60-a23e-4aab-9f74-49444c709ebf,PROD_061,CAT_02,4,149.85,2025-04-15T19:33:02.503012
b5f134e2-b4da-4f51-b22d-8ea9b464c7ab,PROD_012,CAT_02,2,65.2,2025-04-15T13:07:51.786223
60456413-3d83-428c-a1e7-c887f3070e95,PROD_024,CAT_04,4,36.71,2025-04-15T01:56:22.214850
54892cc4-0b66-4a98-b7e7-267d0f104e1e,PROD_098,CAT_05,3,190.03,2025-04-15T03:20:37.404512
6e4b1f50-01fb-455f-aa93-4d353fb4d2ec,PROD_065,CAT_03,4,173.12,2025-04-15T22:18:39.577639
d730f96d-2f01-4df9-a5f5-d0a74ecbe800,PROD_005,CAT_03,5,110.72,2025-04-15T22:45:59.681360
7920d8dc-0455-4554-8ac4-0a2277a3f7ac,PROD_042,CAT_03,4,185.93,2025-04-15T10:10:01.523190
2382eb21-1f7c-4cdd-b376-ebeacd2b902f,PROD_030,CAT_05,5,180.61,2025-04-15T03:27:34.501743
bc62e358-72ae-4bd7-9371-fa2a84dd7128,PROD_038,CAT_03,2,144.21,2025-04-15T01:28:08.621858
6280803a-7f96-4338-a514-134ca2553822,PROD_085,CAT_02,1,129.81,2025-04-15T21:48:46.789582
3276dad3-1d21-4fff-b1a0-3f9ef082a9e9,PROD_041,CAT_01,4,44.87,2025-04-15T08:49:00.668879
8131cc86-b4dc-48f7-a785-3b0628b10cb5,PROD_043,CAT_04,1,166.94,2025-04-15T20:26:38.326603
12b62fe0-9863-4219-97fa-1cee0242f4be,PROD_031,CAT_03,5,105.9,2025-04-15T21:44:20.883848
176bd325-ff68-45f3-ad9c-f0b6a117771c,PROD_009,CAT_04,3,158.51,2025-04-15T05:30:39.452612
43f5b8d8-e144-4f7b-b21e-ab58a44e3991,PROD_015,CAT_04,2,30.9,2025-04-15T03:07:58.249108
43831e9c-b1dc-4e8f-b9f3-f33b73d75221,PROD_052,CAT_03,3,14.78,2025-04-15T13:47:10.533144
2003ffac-6d5e-4fb8-80b5-72d50f98212f,PROD_095,CAT_03,5,45.04,2025-04-15T10:13:43.702622
3ddf328a-a453-4d9a-ae73-5650ff67f30c,PROD_086,CAT_01,2,92.73,2025-04-15T08:41:57.139892
d374a75e-6990-4e0c-994e-de047be8f0e1,PROD_016,CAT_03,1,123.88,2025-04-15T10:11:31.750733
602225b9-d482-4e66-ac94-91b880002435,PROD_074,CAT_04,5,24.64,2025-04-15T20:44:09.143728
8318af54-04b3-407e-970c-651193b8d368,PROD_022,CAT_05,1,195.19,2025-04-15T04:36:08.509889
133868e5-e4e4-41f6-9319-10a9a28dad83,PROD_033,CAT_03,3,142.93,2025-04-15T05:00:49.362746
944e0682-574d-4639-84f7-72bc208c66cf,PROD_013,CAT_04,2,159.47,2025-04-15T02:39:35.603998
